id,date_time,year,month,mdate,day,time,sensor_id,sensor_name,hourly_counts
1682998,11/21/2016 0:00,2016,November,21,Monday,0,1,Bourke Street Mall (North),108
1682999,11/21/2016 0:00,2016,November,21,Monday,0,2,Bourke Street Mall (South),52
1683000,11/21/2016 0:00,2016,November,21,Monday,0,5,Princes Bridge,285
1683001,11/21/2016 0:00,2016,November,21,Monday,0,6,Flinders Street Station Underpass,188
1683002,11/21/2016 0:00,2016,November,21,Monday,0,8,Webb Bridge,7
1683003,11/21/2016 0:00,2016,November,21,Monday,0,9,Southern Cross Station,35
1683004,11/21/2016 0:00,2016,November,21,Monday,0,10,Victoria Point,10
1683005,11/21/2016 0:00,2016,November,21,Monday,0,11,Waterfront City,34
1683006,11/21/2016 0:00,2016,November,21,Monday,0,12,New Quay,37
1683007,11/21/2016 0:00,2016,November,21,Monday,0,13,Flagstaff Station,51
1683008,11/21/2016 0:00,2016,November,21,Monday,0,14,Sandridge Bridge,146
1683009,11/21/2016 0:00,2016,November,21,Monday,0,15,State Library,112
1683010,11/21/2016 0:00,2016,November,21,Monday,0,17,Collins Place (South),38
1683011,11/21/2016 0:00,2016,November,21,Monday,0,18,Collins Place (North),9
1683012,11/21/2016 0:00,2016,November,21,Monday,0,19,Chinatown-Swanston St (North),183
1683013,11/21/2016 0:00,2016,November,21,Monday,0,20,Chinatown-Lt Bourke St (South),65
1683014,11/21/2016 0:00,2016,November,21,Monday,0,21,Bourke St-Russell St (West),276
1683015,11/21/2016 0:00,2016,November,21,Monday,0,24,Spencer St-Collins St (North),152
1683016,11/21/2016 0:00,2016,November,21,Monday,0,25,Melbourne Convention Exhibition Centre,54
1683017,11/21/2016 0:00,2016,November,21,Monday,0,26,QV Market-Elizabeth St (West),109
1683018,11/21/2016 0:00,2016,November,21,Monday,0,27,QV Market-Peel St,10
1683019,11/21/2016 0:00,2016,November,21,Monday,0,28,The Arts Centre,91
1683020,11/21/2016 0:00,2016,November,21,Monday,0,29,St Kilda Rd-Alexandra Gardens,53
1683021,11/21/2016 0:00,2016,November,21,Monday,0,30,Lonsdale St (South),206
1683022,11/21/2016 0:00,2016,November,21,Monday,0,31,Lygon St (West),125
1683023,11/21/2016 0:00,2016,November,21,Monday,0,32,City Square,133
1683024,11/21/2016 0:00,2016,November,21,Monday,0,33,Flinders St-Spring St (West),23
1683025,11/21/2016 0:00,2016,November,21,Monday,0,34,Flinders St-Spark La,28
1683026,11/21/2016 0:00,2016,November,21,Monday,0,35,Southbank,217
1683027,11/21/2016 0:00,2016,November,21,Monday,0,36,Queen St (West),9
1683028,11/21/2016 0:00,2016,November,21,Monday,0,37,Lygon St (East),17
1683029,11/21/2016 0:00,2016,November,21,Monday,0,38,Flinders St-Swanston St (West),552
1683030,11/21/2016 0:00,2016,November,21,Monday,0,39,Alfred Place,8
1683031,11/21/2016 0:00,2016,November,21,Monday,0,40,Lonsdale St-Spring St (West),13
1683032,11/21/2016 0:00,2016,November,21,Monday,0,42,Grattan St-Swanston St (West),21
1683033,11/21/2016 0:00,2016,November,21,Monday,0,43,Monash Rd-Swanston St (West),13
1683034,11/21/2016 0:00,2016,November,21,Monday,0,44,Tin Alley-Swanston St (West),10
1683035,11/21/2016 0:00,2016,November,21,Monday,0,53,Collins St (North),49
1683036,11/21/2016 1:00,2016,November,21,Monday,1,1,Bourke Street Mall (North),71
1683037,11/21/2016 1:00,2016,November,21,Monday,1,2,Bourke Street Mall (South),54
1683038,11/21/2016 1:00,2016,November,21,Monday,1,5,Princes Bridge,113
1683039,11/21/2016 1:00,2016,November,21,Monday,1,6,Flinders Street Station Underpass,71
1683040,11/21/2016 1:00,2016,November,21,Monday,1,8,Webb Bridge,6
1683041,11/21/2016 1:00,2016,November,21,Monday,1,9,Southern Cross Station,2
1683042,11/21/2016 1:00,2016,November,21,Monday,1,10,Victoria Point,2
1683043,11/21/2016 1:00,2016,November,21,Monday,1,11,Waterfront City,2
1683044,11/21/2016 1:00,2016,November,21,Monday,1,12,New Quay,23
1683045,11/21/2016 1:00,2016,November,21,Monday,1,13,Flagstaff Station,39
1683046,11/21/2016 1:00,2016,November,21,Monday,1,14,Sandridge Bridge,68
1683047,11/21/2016 1:00,2016,November,21,Monday,1,15,State Library,80
1683048,11/21/2016 1:00,2016,November,21,Monday,1,17,Collins Place (South),4
1683049,11/21/2016 1:00,2016,November,21,Monday,1,18,Collins Place (North),8
1683050,11/21/2016 1:00,2016,November,21,Monday,1,19,Chinatown-Swanston St (North),107
1683051,11/21/2016 1:00,2016,November,21,Monday,1,20,Chinatown-Lt Bourke St (South),46
1683052,11/21/2016 1:00,2016,November,21,Monday,1,21,Bourke St-Russell St (West),279
1683053,11/21/2016 1:00,2016,November,21,Monday,1,24,Spencer St-Collins St (North),33
1683054,11/21/2016 1:00,2016,November,21,Monday,1,25,Melbourne Convention Exhibition Centre,30
1683055,11/21/2016 1:00,2016,November,21,Monday,1,26,QV Market-Elizabeth St (West),65
1683056,11/21/2016 1:00,2016,November,21,Monday,1,27,QV Market-Peel St,12
1683057,11/21/2016 1:00,2016,November,21,Monday,1,28,The Arts Centre,16
1683058,11/21/2016 1:00,2016,November,21,Monday,1,29,St Kilda Rd-Alexandra Gardens,22
1683059,11/21/2016 1:00,2016,November,21,Monday,1,30,Lonsdale St (South),201
1683060,11/21/2016 1:00,2016,November,21,Monday,1,31,Lygon St (West),67
1683061,11/21/2016 1:00,2016,November,21,Monday,1,32,City Square,62
1683062,11/21/2016 1:00,2016,November,21,Monday,1,33,Flinders St-Spring St (West),5
1683063,11/21/2016 1:00,2016,November,21,Monday,1,34,Flinders St-Spark La,6
1683064,11/21/2016 1:00,2016,November,21,Monday,1,35,Southbank,85
1683065,11/21/2016 1:00,2016,November,21,Monday,1,36,Queen St (West),10
1683066,11/21/2016 1:00,2016,November,21,Monday,1,37,Lygon St (East),6
1683067,11/21/2016 1:00,2016,November,21,Monday,1,38,Flinders St-Swanston St (West),262
1683068,11/21/2016 1:00,2016,November,21,Monday,1,39,Alfred Place,6
1683069,11/21/2016 1:00,2016,November,21,Monday,1,40,Lonsdale St-Spring St (West),6
1683070,11/21/2016 1:00,2016,November,21,Monday,1,42,Grattan St-Swanston St (West),17
1683071,11/21/2016 1:00,2016,November,21,Monday,1,43,Monash Rd-Swanston St (West),7
1683072,11/21/2016 1:00,2016,November,21,Monday,1,44,Tin Alley-Swanston St (West),7
1683073,11/21/2016 1:00,2016,November,21,Monday,1,53,Collins St (North),30
1683074,11/21/2016 2:00,2016,November,21,Monday,2,1,Bourke Street Mall (North),42
1683075,11/21/2016 2:00,2016,November,21,Monday,2,2,Bourke Street Mall (South),28
1683076,11/21/2016 2:00,2016,November,21,Monday,2,5,Princes Bridge,46
1683077,11/21/2016 2:00,2016,November,21,Monday,2,6,Flinders Street Station Underpass,41
1683078,11/21/2016 2:00,2016,November,21,Monday,2,8,Webb Bridge,3
1683079,11/21/2016 2:00,2016,November,21,Monday,2,9,Southern Cross Station,1
1683080,11/21/2016 2:00,2016,November,21,Monday,2,10,Victoria Point,5
1683081,11/21/2016 2:00,2016,November,21,Monday,2,11,Waterfront City,9
1683082,11/21/2016 2:00,2016,November,21,Monday,2,12,New Quay,11
1683083,11/21/2016 2:00,2016,November,21,Monday,2,13,Flagstaff Station,28
1683084,11/21/2016 2:00,2016,November,21,Monday,2,14,Sandridge Bridge,37
1683085,11/21/2016 2:00,2016,November,21,Monday,2,15,State Library,20
1683086,11/21/2016 2:00,2016,November,21,Monday,2,17,Collins Place (South),16
1683087,11/21/2016 2:00,2016,November,21,Monday,2,18,Collins Place (North),5
1683088,11/21/2016 2:00,2016,November,21,Monday,2,19,Chinatown-Swanston St (North),54
1683089,11/21/2016 2:00,2016,November,21,Monday,2,20,Chinatown-Lt Bourke St (South),22
1683090,11/21/2016 2:00,2016,November,21,Monday,2,21,Bourke St-Russell St (West),165
1683091,11/21/2016 2:00,2016,November,21,Monday,2,24,Spencer St-Collins St (North),33
1683092,11/21/2016 2:00,2016,November,21,Monday,2,25,Melbourne Convention Exhibition Centre,31
1683093,11/21/2016 2:00,2016,November,21,Monday,2,26,QV Market-Elizabeth St (West),48
1683094,11/21/2016 2:00,2016,November,21,Monday,2,27,QV Market-Peel St,3
1683095,11/21/2016 2:00,2016,November,21,Monday,2,28,The Arts Centre,32
1683096,11/21/2016 2:00,2016,November,21,Monday,2,29,St Kilda Rd-Alexandra Gardens,7
1683097,11/21/2016 2:00,2016,November,21,Monday,2,30,Lonsdale St (South),84
1683098,11/21/2016 2:00,2016,November,21,Monday,2,31,Lygon St (West),12
1683099,11/21/2016 2:00,2016,November,21,Monday,2,32,City Square,23
1683100,11/21/2016 2:00,2016,November,21,Monday,2,33,Flinders St-Spring St (West),3
1683101,11/21/2016 2:00,2016,November,21,Monday,2,34,Flinders St-Spark La,5
1683102,11/21/2016 2:00,2016,November,21,Monday,2,35,Southbank,20
1683103,11/21/2016 2:00,2016,November,21,Monday,2,36,Queen St (West),5
1683104,11/21/2016 2:00,2016,November,21,Monday,2,37,Lygon St (East),3
1683105,11/21/2016 2:00,2016,November,21,Monday,2,38,Flinders St-Swanston St (West),116
1683106,11/21/2016 2:00,2016,November,21,Monday,2,39,Alfred Place,3
1683107,11/21/2016 2:00,2016,November,21,Monday,2,40,Lonsdale St-Spring St (West),11
1683108,11/21/2016 2:00,2016,November,21,Monday,2,42,Grattan St-Swanston St (West),8
1683109,11/21/2016 2:00,2016,November,21,Monday,2,43,Monash Rd-Swanston St (West),5
1683110,11/21/2016 2:00,2016,November,21,Monday,2,44,Tin Alley-Swanston St (West),7
1683111,11/21/2016 2:00,2016,November,21,Monday,2,53,Collins St (North),14
1683112,11/21/2016 3:00,2016,November,21,Monday,3,1,Bourke Street Mall (North),20
1683113,11/21/2016 3:00,2016,November,21,Monday,3,2,Bourke Street Mall (South),22
1683114,11/21/2016 3:00,2016,November,21,Monday,3,5,Princes Bridge,44
1683115,11/21/2016 3:00,2016,November,21,Monday,3,6,Flinders Street Station Underpass,28
1683116,11/21/2016 3:00,2016,November,21,Monday,3,8,Webb Bridge,2
1683117,11/21/2016 3:00,2016,November,21,Monday,3,9,Southern Cross Station,2
1683118,11/21/2016 3:00,2016,November,21,Monday,3,10,Victoria Point,4
1683119,11/21/2016 3:00,2016,November,21,Monday,3,11,Waterfront City,2
1683120,11/21/2016 3:00,2016,November,21,Monday,3,12,New Quay,6
1683121,11/21/2016 3:00,2016,November,21,Monday,3,13,Flagstaff Station,12
1683122,11/21/2016 3:00,2016,November,21,Monday,3,14,Sandridge Bridge,16
1683123,11/21/2016 3:00,2016,November,21,Monday,3,15,State Library,27
1683124,11/21/2016 3:00,2016,November,21,Monday,3,17,Collins Place (South),0
1683125,11/21/2016 3:00,2016,November,21,Monday,3,18,Collins Place (North),0
1683126,11/21/2016 3:00,2016,November,21,Monday,3,19,Chinatown-Swanston St (North),38
1683127,11/21/2016 3:00,2016,November,21,Monday,3,20,Chinatown-Lt Bourke St (South),24
1683128,11/21/2016 3:00,2016,November,21,Monday,3,21,Bourke St-Russell St (West),180
1683129,11/21/2016 3:00,2016,November,21,Monday,3,24,Spencer St-Collins St (North),9
1683130,11/21/2016 3:00,2016,November,21,Monday,3,25,Melbourne Convention Exhibition Centre,11
1683131,11/21/2016 3:00,2016,November,21,Monday,3,26,QV Market-Elizabeth St (West),36
1683132,11/21/2016 3:00,2016,November,21,Monday,3,27,QV Market-Peel St,1
1683133,11/21/2016 3:00,2016,November,21,Monday,3,28,The Arts Centre,41
1683134,11/21/2016 3:00,2016,November,21,Monday,3,29,St Kilda Rd-Alexandra Gardens,2
1683135,11/21/2016 3:00,2016,November,21,Monday,3,30,Lonsdale St (South),49
1683136,11/21/2016 3:00,2016,November,21,Monday,3,31,Lygon St (West),8
1683137,11/21/2016 3:00,2016,November,21,Monday,3,32,City Square,305
1683138,11/21/2016 3:00,2016,November,21,Monday,3,33,Flinders St-Spring St (West),6
1683139,11/21/2016 3:00,2016,November,21,Monday,3,34,Flinders St-Spark La,7
1683140,11/21/2016 3:00,2016,November,21,Monday,3,35,Southbank,22
1683141,11/21/2016 3:00,2016,November,21,Monday,3,36,Queen St (West),3
1683142,11/21/2016 3:00,2016,November,21,Monday,3,37,Lygon St (East),2
1683143,11/21/2016 3:00,2016,November,21,Monday,3,38,Flinders St-Swanston St (West),69
1683144,11/21/2016 3:00,2016,November,21,Monday,3,39,Alfred Place,0
1683145,11/21/2016 3:00,2016,November,21,Monday,3,40,Lonsdale St-Spring St (West),0
1683146,11/21/2016 3:00,2016,November,21,Monday,3,42,Grattan St-Swanston St (West),4
1683147,11/21/2016 3:00,2016,November,21,Monday,3,43,Monash Rd-Swanston St (West),1
1683148,11/21/2016 3:00,2016,November,21,Monday,3,44,Tin Alley-Swanston St (West),3
1683149,11/21/2016 3:00,2016,November,21,Monday,3,53,Collins St (North),5
1683150,11/21/2016 4:00,2016,November,21,Monday,4,1,Bourke Street Mall (North),23
1683151,11/21/2016 4:00,2016,November,21,Monday,4,2,Bourke Street Mall (South),3
1683152,11/21/2016 4:00,2016,November,21,Monday,4,5,Princes Bridge,65
1683153,11/21/2016 4:00,2016,November,21,Monday,4,6,Flinders Street Station Underpass,37
1683154,11/21/2016 4:00,2016,November,21,Monday,4,8,Webb Bridge,3
1683155,11/21/2016 4:00,2016,November,21,Monday,4,9,Southern Cross Station,14
1683156,11/21/2016 4:00,2016,November,21,Monday,4,10,Victoria Point,2
1683157,11/21/2016 4:00,2016,November,21,Monday,4,11,Waterfront City,0
1683158,11/21/2016 4:00,2016,November,21,Monday,4,12,New Quay,3
1683159,11/21/2016 4:00,2016,November,21,Monday,4,13,Flagstaff Station,7
1683160,11/21/2016 4:00,2016,November,21,Monday,4,14,Sandridge Bridge,27
1683161,11/21/2016 4:00,2016,November,21,Monday,4,15,State Library,13
1683162,11/21/2016 4:00,2016,November,21,Monday,4,17,Collins Place (South),8
1683163,11/21/2016 4:00,2016,November,21,Monday,4,18,Collins Place (North),7
1683164,11/21/2016 4:00,2016,November,21,Monday,4,19,Chinatown-Swanston St (North),33
1683165,11/21/2016 4:00,2016,November,21,Monday,4,20,Chinatown-Lt Bourke St (South),22
1683166,11/21/2016 4:00,2016,November,21,Monday,4,21,Bourke St-Russell St (West),105
1683167,11/21/2016 4:00,2016,November,21,Monday,4,24,Spencer St-Collins St (North),28
1683168,11/21/2016 4:00,2016,November,21,Monday,4,25,Melbourne Convention Exhibition Centre,28
1683169,11/21/2016 4:00,2016,November,21,Monday,4,26,QV Market-Elizabeth St (West),26
1683170,11/21/2016 4:00,2016,November,21,Monday,4,27,QV Market-Peel St,2
1683171,11/21/2016 4:00,2016,November,21,Monday,4,28,The Arts Centre,69
1683172,11/21/2016 4:00,2016,November,21,Monday,4,29,St Kilda Rd-Alexandra Gardens,5
1683173,11/21/2016 4:00,2016,November,21,Monday,4,30,Lonsdale St (South),21
1683174,11/21/2016 4:00,2016,November,21,Monday,4,31,Lygon St (West),7
1683175,11/21/2016 4:00,2016,November,21,Monday,4,32,City Square,190
1683176,11/21/2016 4:00,2016,November,21,Monday,4,33,Flinders St-Spring St (West),7
1683177,11/21/2016 4:00,2016,November,21,Monday,4,34,Flinders St-Spark La,8
1683178,11/21/2016 4:00,2016,November,21,Monday,4,35,Southbank,34
1683179,11/21/2016 4:00,2016,November,21,Monday,4,36,Queen St (West),3
1683180,11/21/2016 4:00,2016,November,21,Monday,4,37,Lygon St (East),2
1683181,11/21/2016 4:00,2016,November,21,Monday,4,38,Flinders St-Swanston St (West),106
1683182,11/21/2016 4:00,2016,November,21,Monday,4,39,Alfred Place,12
1683183,11/21/2016 4:00,2016,November,21,Monday,4,40,Lonsdale St-Spring St (West),10
1683184,11/21/2016 4:00,2016,November,21,Monday,4,42,Grattan St-Swanston St (West),15
1683185,11/21/2016 4:00,2016,November,21,Monday,4,43,Monash Rd-Swanston St (West),2
1683186,11/21/2016 4:00,2016,November,21,Monday,4,44,Tin Alley-Swanston St (West),2
1683187,11/21/2016 4:00,2016,November,21,Monday,4,53,Collins St (North),13
1683188,11/21/2016 5:00,2016,November,21,Monday,5,1,Bourke Street Mall (North),55
1683189,11/21/2016 5:00,2016,November,21,Monday,5,2,Bourke Street Mall (South),26
1683190,11/21/2016 5:00,2016,November,21,Monday,5,5,Princes Bridge,113
1683191,11/21/2016 5:00,2016,November,21,Monday,5,6,Flinders Street Station Underpass,163
1683192,11/21/2016 5:00,2016,November,21,Monday,5,8,Webb Bridge,21
1683193,11/21/2016 5:00,2016,November,21,Monday,5,9,Southern Cross Station,70
1683194,11/21/2016 5:00,2016,November,21,Monday,5,10,Victoria Point,19
1683195,11/21/2016 5:00,2016,November,21,Monday,5,11,Waterfront City,6
1683196,11/21/2016 5:00,2016,November,21,Monday,5,12,New Quay,12
1683197,11/21/2016 5:00,2016,November,21,Monday,5,13,Flagstaff Station,103
1683198,11/21/2016 5:00,2016,November,21,Monday,5,14,Sandridge Bridge,105
1683199,11/21/2016 5:00,2016,November,21,Monday,5,15,State Library,37
1683200,11/21/2016 5:00,2016,November,21,Monday,5,17,Collins Place (South),49
1683201,11/21/2016 5:00,2016,November,21,Monday,5,18,Collins Place (North),29
1683202,11/21/2016 5:00,2016,November,21,Monday,5,19,Chinatown-Swanston St (North),22
1683203,11/21/2016 5:00,2016,November,21,Monday,5,20,Chinatown-Lt Bourke St (South),15
1683204,11/21/2016 5:00,2016,November,21,Monday,5,21,Bourke St-Russell St (West),197
1683205,11/21/2016 5:00,2016,November,21,Monday,5,24,Spencer St-Collins St (North),209
1683206,11/21/2016 5:00,2016,November,21,Monday,5,25,Melbourne Convention Exhibition Centre,86
1683207,11/21/2016 5:00,2016,November,21,Monday,5,26,QV Market-Elizabeth St (West),44
1683208,11/21/2016 5:00,2016,November,21,Monday,5,27,QV Market-Peel St,6
1683209,11/21/2016 5:00,2016,November,21,Monday,5,28,The Arts Centre,79
1683210,11/21/2016 5:00,2016,November,21,Monday,5,29,St Kilda Rd-Alexandra Gardens,48
1683211,11/21/2016 5:00,2016,November,21,Monday,5,30,Lonsdale St (South),59
1683212,11/21/2016 5:00,2016,November,21,Monday,5,31,Lygon St (West),25
1683213,11/21/2016 5:00,2016,November,21,Monday,5,32,City Square,579
1683214,11/21/2016 5:00,2016,November,21,Monday,5,33,Flinders St-Spring St (West),16
1683215,11/21/2016 5:00,2016,November,21,Monday,5,34,Flinders St-Spark La,17
1683216,11/21/2016 5:00,2016,November,21,Monday,5,35,Southbank,97
1683217,11/21/2016 5:00,2016,November,21,Monday,5,36,Queen St (West),30
1683218,11/21/2016 5:00,2016,November,21,Monday,5,37,Lygon St (East),9
1683219,11/21/2016 5:00,2016,November,21,Monday,5,38,Flinders St-Swanston St (West),253
1683220,11/21/2016 5:00,2016,November,21,Monday,5,39,Alfred Place,21
1683221,11/21/2016 5:00,2016,November,21,Monday,5,40,Lonsdale St-Spring St (West),19
1683222,11/21/2016 5:00,2016,November,21,Monday,5,42,Grattan St-Swanston St (West),24
1683223,11/21/2016 5:00,2016,November,21,Monday,5,43,Monash Rd-Swanston St (West),7
1683224,11/21/2016 5:00,2016,November,21,Monday,5,44,Tin Alley-Swanston St (West),5
1683225,11/21/2016 5:00,2016,November,21,Monday,5,53,Collins St (North),36
1683226,11/21/2016 6:00,2016,November,21,Monday,6,1,Bourke Street Mall (North),112
1683227,11/21/2016 6:00,2016,November,21,Monday,6,2,Bourke Street Mall (South),77
1683228,11/21/2016 6:00,2016,November,21,Monday,6,5,Princes Bridge,282
1683229,11/21/2016 6:00,2016,November,21,Monday,6,6,Flinders Street Station Underpass,612
1683230,11/21/2016 6:00,2016,November,21,Monday,6,8,Webb Bridge,112
1683231,11/21/2016 6:00,2016,November,21,Monday,6,9,Southern Cross Station,427
1683232,11/21/2016 6:00,2016,November,21,Monday,6,10,Victoria Point,79
1683233,11/21/2016 6:00,2016,November,21,Monday,6,11,Waterfront City,17
1683234,11/21/2016 6:00,2016,November,21,Monday,6,12,New Quay,72
1683235,11/21/2016 6:00,2016,November,21,Monday,6,13,Flagstaff Station,596
1683236,11/21/2016 6:00,2016,November,21,Monday,6,14,Sandridge Bridge,236
1683237,11/21/2016 6:00,2016,November,21,Monday,6,15,State Library,90
1683238,11/21/2016 6:00,2016,November,21,Monday,6,17,Collins Place (South),219
1683239,11/21/2016 6:00,2016,November,21,Monday,6,18,Collins Place (North),148
1683240,11/21/2016 6:00,2016,November,21,Monday,6,19,Chinatown-Swanston St (North),46
1683241,11/21/2016 6:00,2016,November,21,Monday,6,20,Chinatown-Lt Bourke St (South),25
1683242,11/21/2016 6:00,2016,November,21,Monday,6,21,Bourke St-Russell St (West),79
1683243,11/21/2016 6:00,2016,November,21,Monday,6,24,Spencer St-Collins St (North),685
1683244,11/21/2016 6:00,2016,November,21,Monday,6,25,Melbourne Convention Exhibition Centre,296
1683245,11/21/2016 6:00,2016,November,21,Monday,6,26,QV Market-Elizabeth St (West),81
1683246,11/21/2016 6:00,2016,November,21,Monday,6,27,QV Market-Peel St,22
1683247,11/21/2016 6:00,2016,November,21,Monday,6,28,The Arts Centre,284
1683248,11/21/2016 6:00,2016,November,21,Monday,6,29,St Kilda Rd-Alexandra Gardens,142
1683249,11/21/2016 6:00,2016,November,21,Monday,6,30,Lonsdale St (South),54
1683250,11/21/2016 6:00,2016,November,21,Monday,6,31,Lygon St (West),35
1683251,11/21/2016 6:00,2016,November,21,Monday,6,32,City Square,204
1683252,11/21/2016 6:00,2016,November,21,Monday,6,33,Flinders St-Spring St (West),71
1683253,11/21/2016 6:00,2016,November,21,Monday,6,34,Flinders St-Spark La,43
1683254,11/21/2016 6:00,2016,November,21,Monday,6,35,Southbank,620
1683255,11/21/2016 6:00,2016,November,21,Monday,6,36,Queen St (West),58
1683256,11/21/2016 6:00,2016,November,21,Monday,6,37,Lygon St (East),10
1683257,11/21/2016 6:00,2016,November,21,Monday,6,38,Flinders St-Swanston St (West),567
1683258,11/21/2016 6:00,2016,November,21,Monday,6,39,Alfred Place,66
1683259,11/21/2016 6:00,2016,November,21,Monday,6,40,Lonsdale St-Spring St (West),59
1683260,11/21/2016 6:00,2016,November,21,Monday,6,42,Grattan St-Swanston St (West),42
1683261,11/21/2016 6:00,2016,November,21,Monday,6,43,Monash Rd-Swanston St (West),21
1683262,11/21/2016 6:00,2016,November,21,Monday,6,44,Tin Alley-Swanston St (West),25
1683263,11/21/2016 6:00,2016,November,21,Monday,6,53,Collins St (North),80
1683264,11/21/2016 7:00,2016,November,21,Monday,7,1,Bourke Street Mall (North),385
1683265,11/21/2016 7:00,2016,November,21,Monday,7,2,Bourke Street Mall (South),224
1683266,11/21/2016 7:00,2016,November,21,Monday,7,5,Princes Bridge,901
1683267,11/21/2016 7:00,2016,November,21,Monday,7,6,Flinders Street Station Underpass,1903
1683268,11/21/2016 7:00,2016,November,21,Monday,7,8,Webb Bridge,255
1683269,11/21/2016 7:00,2016,November,21,Monday,7,9,Southern Cross Station,1648
1683270,11/21/2016 7:00,2016,November,21,Monday,7,10,Victoria Point,304
1683271,11/21/2016 7:00,2016,November,21,Monday,7,11,Waterfront City,58
1683272,11/21/2016 7:00,2016,November,21,Monday,7,12,New Quay,164
1683273,11/21/2016 7:00,2016,November,21,Monday,7,13,Flagstaff Station,2332
1683274,11/21/2016 7:00,2016,November,21,Monday,7,14,Sandridge Bridge,562
1683275,11/21/2016 7:00,2016,November,21,Monday,7,15,State Library,307
1683276,11/21/2016 7:00,2016,November,21,Monday,7,17,Collins Place (South),742
1683277,11/21/2016 7:00,2016,November,21,Monday,7,18,Collins Place (North),727
1683278,11/21/2016 7:00,2016,November,21,Monday,7,19,Chinatown-Swanston St (North),112
1683279,11/21/2016 7:00,2016,November,21,Monday,7,20,Chinatown-Lt Bourke St (South),66
1683280,11/21/2016 7:00,2016,November,21,Monday,7,21,Bourke St-Russell St (West),167
1683281,11/21/2016 7:00,2016,November,21,Monday,7,24,Spencer St-Collins St (North),2019
1683282,11/21/2016 7:00,2016,November,21,Monday,7,25,Melbourne Convention Exhibition Centre,572
1683283,11/21/2016 7:00,2016,November,21,Monday,7,26,QV Market-Elizabeth St (West),208
1683284,11/21/2016 7:00,2016,November,21,Monday,7,27,QV Market-Peel St,66
1683285,11/21/2016 7:00,2016,November,21,Monday,7,28,The Arts Centre,889
1683286,11/21/2016 7:00,2016,November,21,Monday,7,29,St Kilda Rd-Alexandra Gardens,344
1683287,11/21/2016 7:00,2016,November,21,Monday,7,30,Lonsdale St (South),264
1683288,11/21/2016 7:00,2016,November,21,Monday,7,31,Lygon St (West),68
1683289,11/21/2016 7:00,2016,November,21,Monday,7,32,City Square,673
1683290,11/21/2016 7:00,2016,November,21,Monday,7,33,Flinders St-Spring St (West),247
1683291,11/21/2016 7:00,2016,November,21,Monday,7,34,Flinders St-Spark La,190
1683292,11/21/2016 7:00,2016,November,21,Monday,7,35,Southbank,1740
1683293,11/21/2016 7:00,2016,November,21,Monday,7,36,Queen St (West),211
1683294,11/21/2016 7:00,2016,November,21,Monday,7,37,Lygon St (East),53
1683295,11/21/2016 7:00,2016,November,21,Monday,7,38,Flinders St-Swanston St (West),1485
1683296,11/21/2016 7:00,2016,November,21,Monday,7,39,Alfred Place,262
1683297,11/21/2016 7:00,2016,November,21,Monday,7,40,Lonsdale St-Spring St (West),226
1683298,11/21/2016 7:00,2016,November,21,Monday,7,42,Grattan St-Swanston St (West),81
1683299,11/21/2016 7:00,2016,November,21,Monday,7,43,Monash Rd-Swanston St (West),69
1683300,11/21/2016 7:00,2016,November,21,Monday,7,44,Tin Alley-Swanston St (West),54
1683301,11/21/2016 7:00,2016,November,21,Monday,7,53,Collins St (North),338
1683302,11/21/2016 8:00,2016,November,21,Monday,8,1,Bourke Street Mall (North),854
1683303,11/21/2016 8:00,2016,November,21,Monday,8,2,Bourke Street Mall (South),648
1683304,11/21/2016 8:00,2016,November,21,Monday,8,5,Princes Bridge,1714
1683305,11/21/2016 8:00,2016,November,21,Monday,8,6,Flinders Street Station Underpass,4348
1683306,11/21/2016 8:00,2016,November,21,Monday,8,8,Webb Bridge,359
1683307,11/21/2016 8:00,2016,November,21,Monday,8,9,Southern Cross Station,2972
1683308,11/21/2016 8:00,2016,November,21,Monday,8,10,Victoria Point,574
1683309,11/21/2016 8:00,2016,November,21,Monday,8,11,Waterfront City,75
1683310,11/21/2016 8:00,2016,November,21,Monday,8,12,New Quay,264
1683311,11/21/2016 8:00,2016,November,21,Monday,8,13,Flagstaff Station,5021
1683312,11/21/2016 8:00,2016,November,21,Monday,8,14,Sandridge Bridge,1203
1683313,11/21/2016 8:00,2016,November,21,Monday,8,15,State Library,712
1683314,11/21/2016 8:00,2016,November,21,Monday,8,17,Collins Place (South),1921
1683315,11/21/2016 8:00,2016,November,21,Monday,8,18,Collins Place (North),1860
1683316,11/21/2016 8:00,2016,November,21,Monday,8,19,Chinatown-Swanston St (North),220
1683317,11/21/2016 8:00,2016,November,21,Monday,8,20,Chinatown-Lt Bourke St (South),118
1683318,11/21/2016 8:00,2016,November,21,Monday,8,21,Bourke St-Russell St (West),341
1683319,11/21/2016 8:00,2016,November,21,Monday,8,24,Spencer St-Collins St (North),4190
1683320,11/21/2016 8:00,2016,November,21,Monday,8,25,Melbourne Convention Exhibition Centre,1034
1683321,11/21/2016 8:00,2016,November,21,Monday,8,26,QV Market-Elizabeth St (West),479
1683322,11/21/2016 8:00,2016,November,21,Monday,8,27,QV Market-Peel St,137
1683323,11/21/2016 8:00,2016,November,21,Monday,8,28,The Arts Centre,1826
1683324,11/21/2016 8:00,2016,November,21,Monday,8,29,St Kilda Rd-Alexandra Gardens,523
1683325,11/21/2016 8:00,2016,November,21,Monday,8,30,Lonsdale St (South),332
1683326,11/21/2016 8:00,2016,November,21,Monday,8,31,Lygon St (West),156
1683327,11/21/2016 8:00,2016,November,21,Monday,8,32,City Square,1463
1683328,11/21/2016 8:00,2016,November,21,Monday,8,33,Flinders St-Spring St (West),570
1683329,11/21/2016 8:00,2016,November,21,Monday,8,34,Flinders St-Spark La,233
1683330,11/21/2016 8:00,2016,November,21,Monday,8,35,Southbank,3443
1683331,11/21/2016 8:00,2016,November,21,Monday,8,36,Queen St (West),670
1683332,11/21/2016 8:00,2016,November,21,Monday,8,37,Lygon St (East),207
1683333,11/21/2016 8:00,2016,November,21,Monday,8,38,Flinders St-Swanston St (West),3400
1683334,11/21/2016 8:00,2016,November,21,Monday,8,39,Alfred Place,559
1683335,11/21/2016 8:00,2016,November,21,Monday,8,40,Lonsdale St-Spring St (West),673
1683336,11/21/2016 8:00,2016,November,21,Monday,8,42,Grattan St-Swanston St (West),307
1683337,11/21/2016 8:00,2016,November,21,Monday,8,43,Monash Rd-Swanston St (West),192
1683338,11/21/2016 8:00,2016,November,21,Monday,8,44,Tin Alley-Swanston St (West),138
1683339,11/21/2016 8:00,2016,November,21,Monday,8,53,Collins St (North),851
1683340,11/21/2016 9:00,2016,November,21,Monday,9,1,Bourke Street Mall (North),938
1683341,11/21/2016 9:00,2016,November,21,Monday,9,2,Bourke Street Mall (South),811
1683342,11/21/2016 9:00,2016,November,21,Monday,9,5,Princes Bridge,1213
1683343,11/21/2016 9:00,2016,November,21,Monday,9,6,Flinders Street Station Underpass,2021
1683344,11/21/2016 9:00,2016,November,21,Monday,9,8,Webb Bridge,367
1683345,11/21/2016 9:00,2016,November,21,Monday,9,9,Southern Cross Station,1485
1683346,11/21/2016 9:00,2016,November,21,Monday,9,10,Victoria Point,319
1683347,11/21/2016 9:00,2016,November,21,Monday,9,11,Waterfront City,30
1683348,11/21/2016 9:00,2016,November,21,Monday,9,12,New Quay,136
1683349,11/21/2016 9:00,2016,November,21,Monday,9,13,Flagstaff Station,2696
1683350,11/21/2016 9:00,2016,November,21,Monday,9,14,Sandridge Bridge,551
1683351,11/21/2016 9:00,2016,November,21,Monday,9,15,State Library,656
1683352,11/21/2016 9:00,2016,November,21,Monday,9,17,Collins Place (South),1274
1683353,11/21/2016 9:00,2016,November,21,Monday,9,18,Collins Place (North),1044
1683354,11/21/2016 9:00,2016,November,21,Monday,9,19,Chinatown-Swanston St (North),202
1683355,11/21/2016 9:00,2016,November,21,Monday,9,20,Chinatown-Lt Bourke St (South),205
1683356,11/21/2016 9:00,2016,November,21,Monday,9,21,Bourke St-Russell St (West),312
1683357,11/21/2016 9:00,2016,November,21,Monday,9,24,Spencer St-Collins St (North),2482
1683358,11/21/2016 9:00,2016,November,21,Monday,9,25,Melbourne Convention Exhibition Centre,593
1683359,11/21/2016 9:00,2016,November,21,Monday,9,26,QV Market-Elizabeth St (West),499
1683360,11/21/2016 9:00,2016,November,21,Monday,9,27,QV Market-Peel St,89
1683361,11/21/2016 9:00,2016,November,21,Monday,9,28,The Arts Centre,1025
1683362,11/21/2016 9:00,2016,November,21,Monday,9,29,St Kilda Rd-Alexandra Gardens,288
1683363,11/21/2016 9:00,2016,November,21,Monday,9,30,Lonsdale St (South),304
1683364,11/21/2016 9:00,2016,November,21,Monday,9,31,Lygon St (West),196
1683365,11/21/2016 9:00,2016,November,21,Monday,9,32,City Square,952
1683366,11/21/2016 9:00,2016,November,21,Monday,9,33,Flinders St-Spring St (West),431
1683367,11/21/2016 9:00,2016,November,21,Monday,9,34,Flinders St-Spark La,193
1683368,11/21/2016 9:00,2016,November,21,Monday,9,35,Southbank,1745
1683369,11/21/2016 9:00,2016,November,21,Monday,9,36,Queen St (West),560
1683370,11/21/2016 9:00,2016,November,21,Monday,9,37,Lygon St (East),200
1683371,11/21/2016 9:00,2016,November,21,Monday,9,38,Flinders St-Swanston St (West),2465
1683372,11/21/2016 9:00,2016,November,21,Monday,9,39,Alfred Place,438
1683373,11/21/2016 9:00,2016,November,21,Monday,9,40,Lonsdale St-Spring St (West),514
1683374,11/21/2016 9:00,2016,November,21,Monday,9,42,Grattan St-Swanston St (West),310
1683375,11/21/2016 9:00,2016,November,21,Monday,9,43,Monash Rd-Swanston St (West),377
1683376,11/21/2016 9:00,2016,November,21,Monday,9,44,Tin Alley-Swanston St (West),150
1683377,11/21/2016 9:00,2016,November,21,Monday,9,53,Collins St (North),840
1683378,11/21/2016 10:00,2016,November,21,Monday,10,1,Bourke Street Mall (North),1567
1683379,11/21/2016 10:00,2016,November,21,Monday,10,2,Bourke Street Mall (South),1206
1683380,11/21/2016 10:00,2016,November,21,Monday,10,5,Princes Bridge,1654
1683381,11/21/2016 10:00,2016,November,21,Monday,10,6,Flinders Street Station Underpass,1318
1683382,11/21/2016 10:00,2016,November,21,Monday,10,8,Webb Bridge,168
1683383,11/21/2016 10:00,2016,November,21,Monday,10,9,Southern Cross Station,551
1683384,11/21/2016 10:00,2016,November,21,Monday,10,10,Victoria Point,226
1683385,11/21/2016 10:00,2016,November,21,Monday,10,11,Waterfront City,21
1683386,11/21/2016 10:00,2016,November,21,Monday,10,12,New Quay,100
1683387,11/21/2016 10:00,2016,November,21,Monday,10,13,Flagstaff Station,1024
1683388,11/21/2016 10:00,2016,November,21,Monday,10,14,Sandridge Bridge,443
1683389,11/21/2016 10:00,2016,November,21,Monday,10,15,State Library,717
1683390,11/21/2016 10:00,2016,November,21,Monday,10,17,Collins Place (South),721
1683391,11/21/2016 10:00,2016,November,21,Monday,10,18,Collins Place (North),466
1683392,11/21/2016 10:00,2016,November,21,Monday,10,19,Chinatown-Swanston St (North),386
1683393,11/21/2016 10:00,2016,November,21,Monday,10,20,Chinatown-Lt Bourke St (South),251
1683394,11/21/2016 10:00,2016,November,21,Monday,10,21,Bourke St-Russell St (West),490
1683395,11/21/2016 10:00,2016,November,21,Monday,10,24,Spencer St-Collins St (North),1834
1683396,11/21/2016 10:00,2016,November,21,Monday,10,25,Melbourne Convention Exhibition Centre,506
1683397,11/21/2016 10:00,2016,November,21,Monday,10,26,QV Market-Elizabeth St (West),421
1683398,11/21/2016 10:00,2016,November,21,Monday,10,27,QV Market-Peel St,71
1683399,11/21/2016 10:00,2016,November,21,Monday,10,28,The Arts Centre,1252
1683400,11/21/2016 10:00,2016,November,21,Monday,10,29,St Kilda Rd-Alexandra Gardens,408
1683401,11/21/2016 10:00,2016,November,21,Monday,10,30,Lonsdale St (South),383
1683402,11/21/2016 10:00,2016,November,21,Monday,10,31,Lygon St (West),225
1683403,11/21/2016 10:00,2016,November,21,Monday,10,32,City Square,943
1683404,11/21/2016 10:00,2016,November,21,Monday,10,33,Flinders St-Spring St (West),148
1683405,11/21/2016 10:00,2016,November,21,Monday,10,34,Flinders St-Spark La,119
1683406,11/21/2016 10:00,2016,November,21,Monday,10,35,Southbank,1259
1683407,11/21/2016 10:00,2016,November,21,Monday,10,36,Queen St (West),522
1683408,11/21/2016 10:00,2016,November,21,Monday,10,37,Lygon St (East),222
1683409,11/21/2016 10:00,2016,November,21,Monday,10,38,Flinders St-Swanston St (West),2559
1683410,11/21/2016 10:00,2016,November,21,Monday,10,39,Alfred Place,353
1683411,11/21/2016 10:00,2016,November,21,Monday,10,40,Lonsdale St-Spring St (West),459
1683412,11/21/2016 10:00,2016,November,21,Monday,10,42,Grattan St-Swanston St (West),357
1683413,11/21/2016 10:00,2016,November,21,Monday,10,43,Monash Rd-Swanston St (West),227
1683414,11/21/2016 10:00,2016,November,21,Monday,10,44,Tin Alley-Swanston St (West),113
1683415,11/21/2016 10:00,2016,November,21,Monday,10,53,Collins St (North),1031
1683416,11/21/2016 11:00,2016,November,21,Monday,11,1,Bourke Street Mall (North),2108
1683417,11/21/2016 11:00,2016,November,21,Monday,11,2,Bourke Street Mall (South),1776
1683418,11/21/2016 11:00,2016,November,21,Monday,11,5,Princes Bridge,1224
1683419,11/21/2016 11:00,2016,November,21,Monday,11,6,Flinders Street Station Underpass,1309
1683420,11/21/2016 11:00,2016,November,21,Monday,11,8,Webb Bridge,394
1683421,11/21/2016 11:00,2016,November,21,Monday,11,9,Southern Cross Station,497
1683422,11/21/2016 11:00,2016,November,21,Monday,11,10,Victoria Point,264
1683423,11/21/2016 11:00,2016,November,21,Monday,11,11,Waterfront City,119
1683424,11/21/2016 11:00,2016,November,21,Monday,11,12,New Quay,136
1683425,11/21/2016 11:00,2016,November,21,Monday,11,13,Flagstaff Station,854
1683426,11/21/2016 11:00,2016,November,21,Monday,11,14,Sandridge Bridge,443
1683427,11/21/2016 11:00,2016,November,21,Monday,11,15,State Library,944
1683428,11/21/2016 11:00,2016,November,21,Monday,11,17,Collins Place (South),640
1683429,11/21/2016 11:00,2016,November,21,Monday,11,18,Collins Place (North),434
1683430,11/21/2016 11:00,2016,November,21,Monday,11,19,Chinatown-Swanston St (North),532
1683431,11/21/2016 11:00,2016,November,21,Monday,11,20,Chinatown-Lt Bourke St (South),286
1683432,11/21/2016 11:00,2016,November,21,Monday,11,21,Bourke St-Russell St (West),527
1683433,11/21/2016 11:00,2016,November,21,Monday,11,24,Spencer St-Collins St (North),1496
1683434,11/21/2016 11:00,2016,November,21,Monday,11,25,Melbourne Convention Exhibition Centre,547
1683435,11/21/2016 11:00,2016,November,21,Monday,11,26,QV Market-Elizabeth St (West),495
1683436,11/21/2016 11:00,2016,November,21,Monday,11,27,QV Market-Peel St,115
1683437,11/21/2016 11:00,2016,November,21,Monday,11,28,The Arts Centre,1032
1683438,11/21/2016 11:00,2016,November,21,Monday,11,29,St Kilda Rd-Alexandra Gardens,532
1683439,11/21/2016 11:00,2016,November,21,Monday,11,30,Lonsdale St (South),442
1683440,11/21/2016 11:00,2016,November,21,Monday,11,31,Lygon St (West),166
1683441,11/21/2016 11:00,2016,November,21,Monday,11,32,City Square,1088
1683442,11/21/2016 11:00,2016,November,21,Monday,11,33,Flinders St-Spring St (West),193
1683443,11/21/2016 11:00,2016,November,21,Monday,11,34,Flinders St-Spark La,135
1683444,11/21/2016 11:00,2016,November,21,Monday,11,35,Southbank,1472
1683445,11/21/2016 11:00,2016,November,21,Monday,11,36,Queen St (West),563
1683446,11/21/2016 11:00,2016,November,21,Monday,11,37,Lygon St (East),190
1683447,11/21/2016 11:00,2016,November,21,Monday,11,38,Flinders St-Swanston St (West),2718
1683448,11/21/2016 11:00,2016,November,21,Monday,11,39,Alfred Place,389
1683449,11/21/2016 11:00,2016,November,21,Monday,11,40,Lonsdale St-Spring St (West),406
1683450,11/21/2016 11:00,2016,November,21,Monday,11,42,Grattan St-Swanston St (West),357
1683451,11/21/2016 11:00,2016,November,21,Monday,11,43,Monash Rd-Swanston St (West),203
1683452,11/21/2016 11:00,2016,November,21,Monday,11,44,Tin Alley-Swanston St (West),73
1683453,11/21/2016 11:00,2016,November,21,Monday,11,53,Collins St (North),1235
1683454,11/21/2016 12:00,2016,November,21,Monday,12,1,Bourke Street Mall (North),3114
1683455,11/21/2016 12:00,2016,November,21,Monday,12,2,Bourke Street Mall (South),3082
1683456,11/21/2016 12:00,2016,November,21,Monday,12,5,Princes Bridge,2172
1683457,11/21/2016 12:00,2016,November,21,Monday,12,6,Flinders Street Station Underpass,1946
1683458,11/21/2016 12:00,2016,November,21,Monday,12,8,Webb Bridge,409
1683459,11/21/2016 12:00,2016,November,21,Monday,12,9,Southern Cross Station,1163
1683460,11/21/2016 12:00,2016,November,21,Monday,12,10,Victoria Point,470
1683461,11/21/2016 12:00,2016,November,21,Monday,12,11,Waterfront City,146
1683462,11/21/2016 12:00,2016,November,21,Monday,12,12,New Quay,280
1683463,11/21/2016 12:00,2016,November,21,Monday,12,13,Flagstaff Station,1196
1683464,11/21/2016 12:00,2016,November,21,Monday,12,14,Sandridge Bridge,551
1683465,11/21/2016 12:00,2016,November,21,Monday,12,15,State Library,1430
1683466,11/21/2016 12:00,2016,November,21,Monday,12,17,Collins Place (South),1578
1683467,11/21/2016 12:00,2016,November,21,Monday,12,18,Collins Place (North),609
1683468,11/21/2016 12:00,2016,November,21,Monday,12,19,Chinatown-Swanston St (North),1069
1683469,11/21/2016 12:00,2016,November,21,Monday,12,20,Chinatown-Lt Bourke St (South),586
1683470,11/21/2016 12:00,2016,November,21,Monday,12,21,Bourke St-Russell St (West),1148
1683471,11/21/2016 12:00,2016,November,21,Monday,12,24,Spencer St-Collins St (North),2329
1683472,11/21/2016 12:00,2016,November,21,Monday,12,25,Melbourne Convention Exhibition Centre,721
1683473,11/21/2016 12:00,2016,November,21,Monday,12,26,QV Market-Elizabeth St (West),912
1683474,11/21/2016 12:00,2016,November,21,Monday,12,27,QV Market-Peel St,130
1683475,11/21/2016 12:00,2016,November,21,Monday,12,28,The Arts Centre,1914
1683476,11/21/2016 12:00,2016,November,21,Monday,12,29,St Kilda Rd-Alexandra Gardens,750
1683477,11/21/2016 12:00,2016,November,21,Monday,12,30,Lonsdale St (South),921
1683478,11/21/2016 12:00,2016,November,21,Monday,12,31,Lygon St (West),466
1683479,11/21/2016 12:00,2016,November,21,Monday,12,32,City Square,1490
1683480,11/21/2016 12:00,2016,November,21,Monday,12,33,Flinders St-Spring St (West),298
1683481,11/21/2016 12:00,2016,November,21,Monday,12,34,Flinders St-Spark La,221
1683482,11/21/2016 12:00,2016,November,21,Monday,12,35,Southbank,2824
1683483,11/21/2016 12:00,2016,November,21,Monday,12,36,Queen St (West),913
1683484,11/21/2016 12:00,2016,November,21,Monday,12,37,Lygon St (East),449
1683485,11/21/2016 12:00,2016,November,21,Monday,12,38,Flinders St-Swanston St (West),3465
1683486,11/21/2016 12:00,2016,November,21,Monday,12,39,Alfred Place,988
1683487,11/21/2016 12:00,2016,November,21,Monday,12,40,Lonsdale St-Spring St (West),698
1683488,11/21/2016 12:00,2016,November,21,Monday,12,42,Grattan St-Swanston St (West),396
1683489,11/21/2016 12:00,2016,November,21,Monday,12,43,Monash Rd-Swanston St (West),250
1683490,11/21/2016 12:00,2016,November,21,Monday,12,44,Tin Alley-Swanston St (West),106
1683491,11/21/2016 12:00,2016,November,21,Monday,12,53,Collins St (North),2052
1683492,11/21/2016 13:00,2016,November,21,Monday,13,1,Bourke Street Mall (North),3353
1683493,11/21/2016 13:00,2016,November,21,Monday,13,2,Bourke Street Mall (South),3208
1683494,11/21/2016 13:00,2016,November,21,Monday,13,5,Princes Bridge,1820
1683495,11/21/2016 13:00,2016,November,21,Monday,13,6,Flinders Street Station Underpass,2042
1683496,11/21/2016 13:00,2016,November,21,Monday,13,8,Webb Bridge,380
1683497,11/21/2016 13:00,2016,November,21,Monday,13,9,Southern Cross Station,952
1683498,11/21/2016 13:00,2016,November,21,Monday,13,10,Victoria Point,370
1683499,11/21/2016 13:00,2016,November,21,Monday,13,11,Waterfront City,143
1683500,11/21/2016 13:00,2016,November,21,Monday,13,12,New Quay,285
1683501,11/21/2016 13:00,2016,November,21,Monday,13,13,Flagstaff Station,1416
1683502,11/21/2016 13:00,2016,November,21,Monday,13,14,Sandridge Bridge,457
1683503,11/21/2016 13:00,2016,November,21,Monday,13,15,State Library,1577
1683504,11/21/2016 13:00,2016,November,21,Monday,13,17,Collins Place (South),1548
1683505,11/21/2016 13:00,2016,November,21,Monday,13,18,Collins Place (North),666
1683506,11/21/2016 13:00,2016,November,21,Monday,13,19,Chinatown-Swanston St (North),1057
1683507,11/21/2016 13:00,2016,November,21,Monday,13,20,Chinatown-Lt Bourke St (South),514
1683508,11/21/2016 13:00,2016,November,21,Monday,13,21,Bourke St-Russell St (West),1105
1683509,11/21/2016 13:00,2016,November,21,Monday,13,24,Spencer St-Collins St (North),2198
1683510,11/21/2016 13:00,2016,November,21,Monday,13,25,Melbourne Convention Exhibition Centre,790
1683511,11/21/2016 13:00,2016,November,21,Monday,13,26,QV Market-Elizabeth St (West),886
1683512,11/21/2016 13:00,2016,November,21,Monday,13,27,QV Market-Peel St,150
1683513,11/21/2016 13:00,2016,November,21,Monday,13,28,The Arts Centre,1540
1683514,11/21/2016 13:00,2016,November,21,Monday,13,29,St Kilda Rd-Alexandra Gardens,837
1683515,11/21/2016 13:00,2016,November,21,Monday,13,30,Lonsdale St (South),938
1683516,11/21/2016 13:00,2016,November,21,Monday,13,31,Lygon St (West),474
1683517,11/21/2016 13:00,2016,November,21,Monday,13,32,City Square,1738
1683518,11/21/2016 13:00,2016,November,21,Monday,13,33,Flinders St-Spring St (West),332
1683519,11/21/2016 13:00,2016,November,21,Monday,13,34,Flinders St-Spark La,239
1683520,11/21/2016 13:00,2016,November,21,Monday,13,35,Southbank,2853
1683521,11/21/2016 13:00,2016,November,21,Monday,13,36,Queen St (West),950
1683522,11/21/2016 13:00,2016,November,21,Monday,13,37,Lygon St (East),377
1683523,11/21/2016 13:00,2016,November,21,Monday,13,38,Flinders St-Swanston St (West),3704
1683524,11/21/2016 13:00,2016,November,21,Monday,13,39,Alfred Place,933
1683525,11/21/2016 13:00,2016,November,21,Monday,13,40,Lonsdale St-Spring St (West),741
1683526,11/21/2016 13:00,2016,November,21,Monday,13,42,Grattan St-Swanston St (West),481
1683527,11/21/2016 13:00,2016,November,21,Monday,13,43,Monash Rd-Swanston St (West),296
1683528,11/21/2016 13:00,2016,November,21,Monday,13,44,Tin Alley-Swanston St (West),171
1683529,11/21/2016 13:00,2016,November,21,Monday,13,53,Collins St (North),2232
1683530,11/21/2016 14:00,2016,November,21,Monday,14,1,Bourke Street Mall (North),2467
1683531,11/21/2016 14:00,2016,November,21,Monday,14,2,Bourke Street Mall (South),2322
1683532,11/21/2016 14:00,2016,November,21,Monday,14,5,Princes Bridge,1828
1683533,11/21/2016 14:00,2016,November,21,Monday,14,6,Flinders Street Station Underpass,1674
1683534,11/21/2016 14:00,2016,November,21,Monday,14,8,Webb Bridge,152
1683535,11/21/2016 14:00,2016,November,21,Monday,14,9,Southern Cross Station,616
1683536,11/21/2016 14:00,2016,November,21,Monday,14,10,Victoria Point,270
1683537,11/21/2016 14:00,2016,November,21,Monday,14,11,Waterfront City,56
1683538,11/21/2016 14:00,2016,November,21,Monday,14,12,New Quay,137
1683539,11/21/2016 14:00,2016,November,21,Monday,14,13,Flagstaff Station,1034
1683540,11/21/2016 14:00,2016,November,21,Monday,14,14,Sandridge Bridge,488
1683541,11/21/2016 14:00,2016,November,21,Monday,14,15,State Library,1408
1683542,11/21/2016 14:00,2016,November,21,Monday,14,17,Collins Place (South),741
1683543,11/21/2016 14:00,2016,November,21,Monday,14,18,Collins Place (North),465
1683544,11/21/2016 14:00,2016,November,21,Monday,14,19,Chinatown-Swanston St (North),895
1683545,11/21/2016 14:00,2016,November,21,Monday,14,20,Chinatown-Lt Bourke St (South),440
1683546,11/21/2016 14:00,2016,November,21,Monday,14,21,Bourke St-Russell St (West),713
1683547,11/21/2016 14:00,2016,November,21,Monday,14,24,Spencer St-Collins St (North),1708
1683548,11/21/2016 14:00,2016,November,21,Monday,14,25,Melbourne Convention Exhibition Centre,645
1683549,11/21/2016 14:00,2016,November,21,Monday,14,26,QV Market-Elizabeth St (West),507
1683550,11/21/2016 14:00,2016,November,21,Monday,14,27,QV Market-Peel St,90
1683551,11/21/2016 14:00,2016,November,21,Monday,14,28,The Arts Centre,1517
1683552,11/21/2016 14:00,2016,November,21,Monday,14,29,St Kilda Rd-Alexandra Gardens,696
1683553,11/21/2016 14:00,2016,November,21,Monday,14,30,Lonsdale St (South),633
1683554,11/21/2016 14:00,2016,November,21,Monday,14,31,Lygon St (West),316
1683555,11/21/2016 14:00,2016,November,21,Monday,14,32,City Square,1436
1683556,11/21/2016 14:00,2016,November,21,Monday,14,33,Flinders St-Spring St (West),223
1683557,11/21/2016 14:00,2016,November,21,Monday,14,34,Flinders St-Spark La,171
1683558,11/21/2016 14:00,2016,November,21,Monday,14,35,Southbank,1756
1683559,11/21/2016 14:00,2016,November,21,Monday,14,36,Queen St (West),621
1683560,11/21/2016 14:00,2016,November,21,Monday,14,37,Lygon St (East),221
1683561,11/21/2016 14:00,2016,November,21,Monday,14,38,Flinders St-Swanston St (West),3677
1683562,11/21/2016 14:00,2016,November,21,Monday,14,39,Alfred Place,408
1683563,11/21/2016 14:00,2016,November,21,Monday,14,40,Lonsdale St-Spring St (West),565
1683564,11/21/2016 14:00,2016,November,21,Monday,14,42,Grattan St-Swanston St (West),318
1683565,11/21/2016 14:00,2016,November,21,Monday,14,43,Monash Rd-Swanston St (West),244
1683566,11/21/2016 14:00,2016,November,21,Monday,14,44,Tin Alley-Swanston St (West),102
1683567,11/21/2016 14:00,2016,November,21,Monday,14,53,Collins St (North),1611
1683568,11/21/2016 15:00,2016,November,21,Monday,15,1,Bourke Street Mall (North),2320
1683569,11/21/2016 15:00,2016,November,21,Monday,15,2,Bourke Street Mall (South),2201
1683570,11/21/2016 15:00,2016,November,21,Monday,15,5,Princes Bridge,1556
1683571,11/21/2016 15:00,2016,November,21,Monday,15,6,Flinders Street Station Underpass,1866
1683572,11/21/2016 15:00,2016,November,21,Monday,15,8,Webb Bridge,162
1683573,11/21/2016 15:00,2016,November,21,Monday,15,9,Southern Cross Station,772
1683574,11/21/2016 15:00,2016,November,21,Monday,15,10,Victoria Point,254
1683575,11/21/2016 15:00,2016,November,21,Monday,15,11,Waterfront City,54
1683576,11/21/2016 15:00,2016,November,21,Monday,15,12,New Quay,143
1683577,11/21/2016 15:00,2016,November,21,Monday,15,13,Flagstaff Station,1268
1683578,11/21/2016 15:00,2016,November,21,Monday,15,14,Sandridge Bridge,535
1683579,11/21/2016 15:00,2016,November,21,Monday,15,15,State Library,1495
1683580,11/21/2016 15:00,2016,November,21,Monday,15,17,Collins Place (South),670
1683581,11/21/2016 15:00,2016,November,21,Monday,15,18,Collins Place (North),558
1683582,11/21/2016 15:00,2016,November,21,Monday,15,19,Chinatown-Swanston St (North),827
1683583,11/21/2016 15:00,2016,November,21,Monday,15,20,Chinatown-Lt Bourke St (South),414
1683584,11/21/2016 15:00,2016,November,21,Monday,15,21,Bourke St-Russell St (West),687
1683585,11/21/2016 15:00,2016,November,21,Monday,15,24,Spencer St-Collins St (North),1980
1683586,11/21/2016 15:00,2016,November,21,Monday,15,25,Melbourne Convention Exhibition Centre,756
1683587,11/21/2016 15:00,2016,November,21,Monday,15,26,QV Market-Elizabeth St (West),534
1683588,11/21/2016 15:00,2016,November,21,Monday,15,27,QV Market-Peel St,157
1683589,11/21/2016 15:00,2016,November,21,Monday,15,28,The Arts Centre,1204
1683590,11/21/2016 15:00,2016,November,21,Monday,15,29,St Kilda Rd-Alexandra Gardens,605
1683591,11/21/2016 15:00,2016,November,21,Monday,15,30,Lonsdale St (South),550
1683592,11/21/2016 15:00,2016,November,21,Monday,15,31,Lygon St (West),449
1683593,11/21/2016 15:00,2016,November,21,Monday,15,32,City Square,1427
1683594,11/21/2016 15:00,2016,November,21,Monday,15,33,Flinders St-Spring St (West),271
1683595,11/21/2016 15:00,2016,November,21,Monday,15,34,Flinders St-Spark La,162
1683596,11/21/2016 15:00,2016,November,21,Monday,15,35,Southbank,1893
1683597,11/21/2016 15:00,2016,November,21,Monday,15,36,Queen St (West),481
1683598,11/21/2016 15:00,2016,November,21,Monday,15,37,Lygon St (East),248
1683599,11/21/2016 15:00,2016,November,21,Monday,15,38,Flinders St-Swanston St (West),3688
1683600,11/21/2016 15:00,2016,November,21,Monday,15,39,Alfred Place,246
1683601,11/21/2016 15:00,2016,November,21,Monday,15,40,Lonsdale St-Spring St (West),388
1683602,11/21/2016 15:00,2016,November,21,Monday,15,42,Grattan St-Swanston St (West),250
1683603,11/21/2016 15:00,2016,November,21,Monday,15,43,Monash Rd-Swanston St (West),211
1683604,11/21/2016 15:00,2016,November,21,Monday,15,44,Tin Alley-Swanston St (West),88
1683605,11/21/2016 15:00,2016,November,21,Monday,15,53,Collins St (North),1376
1683606,11/21/2016 16:00,2016,November,21,Monday,16,1,Bourke Street Mall (North),2335
1683607,11/21/2016 16:00,2016,November,21,Monday,16,2,Bourke Street Mall (South),2022
1683608,11/21/2016 16:00,2016,November,21,Monday,16,5,Princes Bridge,1831
1683609,11/21/2016 16:00,2016,November,21,Monday,16,6,Flinders Street Station Underpass,2734
1683610,11/21/2016 16:00,2016,November,21,Monday,16,8,Webb Bridge,267
1683611,11/21/2016 16:00,2016,November,21,Monday,16,9,Southern Cross Station,2002
1683612,11/21/2016 16:00,2016,November,21,Monday,16,10,Victoria Point,501
1683613,11/21/2016 16:00,2016,November,21,Monday,16,11,Waterfront City,63
1683614,11/21/2016 16:00,2016,November,21,Monday,16,12,New Quay,188
1683615,11/21/2016 16:00,2016,November,21,Monday,16,13,Flagstaff Station,2405
1683616,11/21/2016 16:00,2016,November,21,Monday,16,14,Sandridge Bridge,836
1683617,11/21/2016 16:00,2016,November,21,Monday,16,15,State Library,1559
1683618,11/21/2016 16:00,2016,November,21,Monday,16,17,Collins Place (South),712
1683619,11/21/2016 16:00,2016,November,21,Monday,16,18,Collins Place (North),893
1683620,11/21/2016 16:00,2016,November,21,Monday,16,19,Chinatown-Swanston St (North),875
1683621,11/21/2016 16:00,2016,November,21,Monday,16,20,Chinatown-Lt Bourke St (South),389
1683622,11/21/2016 16:00,2016,November,21,Monday,16,21,Bourke St-Russell St (West),742
1683623,11/21/2016 16:00,2016,November,21,Monday,16,24,Spencer St-Collins St (North),2998
1683624,11/21/2016 16:00,2016,November,21,Monday,16,25,Melbourne Convention Exhibition Centre,864
1683625,11/21/2016 16:00,2016,November,21,Monday,16,26,QV Market-Elizabeth St (West),574
1683626,11/21/2016 16:00,2016,November,21,Monday,16,27,QV Market-Peel St,217
1683627,11/21/2016 16:00,2016,November,21,Monday,16,28,The Arts Centre,1548
1683628,11/21/2016 16:00,2016,November,21,Monday,16,29,St Kilda Rd-Alexandra Gardens,537
1683629,11/21/2016 16:00,2016,November,21,Monday,16,30,Lonsdale St (South),644
1683630,11/21/2016 16:00,2016,November,21,Monday,16,31,Lygon St (West),260
1683631,11/21/2016 16:00,2016,November,21,Monday,16,32,City Square,1733
1683632,11/21/2016 16:00,2016,November,21,Monday,16,33,Flinders St-Spring St (West),320
1683633,11/21/2016 16:00,2016,November,21,Monday,16,34,Flinders St-Spark La,188
1683634,11/21/2016 16:00,2016,November,21,Monday,16,35,Southbank,2170
1683635,11/21/2016 16:00,2016,November,21,Monday,16,36,Queen St (West),535
1683636,11/21/2016 16:00,2016,November,21,Monday,16,37,Lygon St (East),188
1683637,11/21/2016 16:00,2016,November,21,Monday,16,38,Flinders St-Swanston St (West),3895
1683638,11/21/2016 16:00,2016,November,21,Monday,16,39,Alfred Place,360
1683639,11/21/2016 16:00,2016,November,21,Monday,16,40,Lonsdale St-Spring St (West),390
1683640,11/21/2016 16:00,2016,November,21,Monday,16,42,Grattan St-Swanston St (West),276
1683641,11/21/2016 16:00,2016,November,21,Monday,16,43,Monash Rd-Swanston St (West),245
1683642,11/21/2016 16:00,2016,November,21,Monday,16,44,Tin Alley-Swanston St (West),120
1683643,11/21/2016 16:00,2016,November,21,Monday,16,53,Collins St (North),1202
1683644,11/21/2016 17:00,2016,November,21,Monday,17,1,Bourke Street Mall (North),2577
1683645,11/21/2016 17:00,2016,November,21,Monday,17,2,Bourke Street Mall (South),2077
1683646,11/21/2016 17:00,2016,November,21,Monday,17,5,Princes Bridge,2898
1683647,11/21/2016 17:00,2016,November,21,Monday,17,6,Flinders Street Station Underpass,4744
1683648,11/21/2016 17:00,2016,November,21,Monday,17,8,Webb Bridge,471
1683649,11/21/2016 17:00,2016,November,21,Monday,17,9,Southern Cross Station,2887
1683650,11/21/2016 17:00,2016,November,21,Monday,17,10,Victoria Point,739
1683651,11/21/2016 17:00,2016,November,21,Monday,17,11,Waterfront City,90
1683652,11/21/2016 17:00,2016,November,21,Monday,17,12,New Quay,232
1683653,11/21/2016 17:00,2016,November,21,Monday,17,13,Flagstaff Station,4269
1683654,11/21/2016 17:00,2016,November,21,Monday,17,14,Sandridge Bridge,1509
1683655,11/21/2016 17:00,2016,November,21,Monday,17,15,State Library,1928
1683656,11/21/2016 17:00,2016,November,21,Monday,17,17,Collins Place (South),1312
1683657,11/21/2016 17:00,2016,November,21,Monday,17,18,Collins Place (North),1898
1683658,11/21/2016 17:00,2016,November,21,Monday,17,19,Chinatown-Swanston St (North),1000
1683659,11/21/2016 17:00,2016,November,21,Monday,17,20,Chinatown-Lt Bourke St (South),451
1683660,11/21/2016 17:00,2016,November,21,Monday,17,21,Bourke St-Russell St (West),919
1683661,11/21/2016 17:00,2016,November,21,Monday,17,24,Spencer St-Collins St (North),4410
1683662,11/21/2016 17:00,2016,November,21,Monday,17,25,Melbourne Convention Exhibition Centre,1273
1683663,11/21/2016 17:00,2016,November,21,Monday,17,26,QV Market-Elizabeth St (West),580
1683664,11/21/2016 17:00,2016,November,21,Monday,17,27,QV Market-Peel St,164
1683665,11/21/2016 17:00,2016,November,21,Monday,17,28,The Arts Centre,2527
1683666,11/21/2016 17:00,2016,November,21,Monday,17,29,St Kilda Rd-Alexandra Gardens,1186
1683667,11/21/2016 17:00,2016,November,21,Monday,17,30,Lonsdale St (South),738
1683668,11/21/2016 17:00,2016,November,21,Monday,17,31,Lygon St (West),344
1683669,11/21/2016 17:00,2016,November,21,Monday,17,32,City Square,2518
1683670,11/21/2016 17:00,2016,November,21,Monday,17,33,Flinders St-Spring St (West),469
1683671,11/21/2016 17:00,2016,November,21,Monday,17,34,Flinders St-Spark La,263
1683672,11/21/2016 17:00,2016,November,21,Monday,17,35,Southbank,3796
1683673,11/21/2016 17:00,2016,November,21,Monday,17,36,Queen St (West),683
1683674,11/21/2016 17:00,2016,November,21,Monday,17,37,Lygon St (East),275
1683675,11/21/2016 17:00,2016,November,21,Monday,17,38,Flinders St-Swanston St (West),4864
1683676,11/21/2016 17:00,2016,November,21,Monday,17,39,Alfred Place,470
1683677,11/21/2016 17:00,2016,November,21,Monday,17,40,Lonsdale St-Spring St (West),473
1683678,11/21/2016 17:00,2016,November,21,Monday,17,42,Grattan St-Swanston St (West),359
1683679,11/21/2016 17:00,2016,November,21,Monday,17,43,Monash Rd-Swanston St (West),292
1683680,11/21/2016 17:00,2016,November,21,Monday,17,44,Tin Alley-Swanston St (West),199
1683681,11/21/2016 17:00,2016,November,21,Monday,17,53,Collins St (North),1251
1683682,11/21/2016 18:00,2016,November,21,Monday,18,1,Bourke Street Mall (North),2189
1683683,11/21/2016 18:00,2016,November,21,Monday,18,2,Bourke Street Mall (South),1406
1683684,11/21/2016 18:00,2016,November,21,Monday,18,5,Princes Bridge,2310
1683685,11/21/2016 18:00,2016,November,21,Monday,18,6,Flinders Street Station Underpass,2544
1683686,11/21/2016 18:00,2016,November,21,Monday,18,8,Webb Bridge,213
1683687,11/21/2016 18:00,2016,November,21,Monday,18,9,Southern Cross Station,1008
1683688,11/21/2016 18:00,2016,November,21,Monday,18,10,Victoria Point,347
1683689,11/21/2016 18:00,2016,November,21,Monday,18,11,Waterfront City,72
1683690,11/21/2016 18:00,2016,November,21,Monday,18,12,New Quay,183
1683691,11/21/2016 18:00,2016,November,21,Monday,18,13,Flagstaff Station,1906
1683692,11/21/2016 18:00,2016,November,21,Monday,18,14,Sandridge Bridge,893
1683693,11/21/2016 18:00,2016,November,21,Monday,18,15,State Library,1288
1683694,11/21/2016 18:00,2016,November,21,Monday,18,17,Collins Place (South),770
1683695,11/21/2016 18:00,2016,November,21,Monday,18,18,Collins Place (North),795
1683696,11/21/2016 18:00,2016,November,21,Monday,18,19,Chinatown-Swanston St (North),933
1683697,11/21/2016 18:00,2016,November,21,Monday,18,20,Chinatown-Lt Bourke St (South),608
1683698,11/21/2016 18:00,2016,November,21,Monday,18,21,Bourke St-Russell St (West),784
1683699,11/21/2016 18:00,2016,November,21,Monday,18,24,Spencer St-Collins St (North),2502
1683700,11/21/2016 18:00,2016,November,21,Monday,18,25,Melbourne Convention Exhibition Centre,674
1683701,11/21/2016 18:00,2016,November,21,Monday,18,26,QV Market-Elizabeth St (West),462
1683702,11/21/2016 18:00,2016,November,21,Monday,18,27,QV Market-Peel St,124
1683703,11/21/2016 18:00,2016,November,21,Monday,18,28,The Arts Centre,2051
1683704,11/21/2016 18:00,2016,November,21,Monday,18,29,St Kilda Rd-Alexandra Gardens,592
1683705,11/21/2016 18:00,2016,November,21,Monday,18,30,Lonsdale St (South),753
1683706,11/21/2016 18:00,2016,November,21,Monday,18,31,Lygon St (West),370
1683707,11/21/2016 18:00,2016,November,21,Monday,18,32,City Square,1610
1683708,11/21/2016 18:00,2016,November,21,Monday,18,33,Flinders St-Spring St (West),332
1683709,11/21/2016 18:00,2016,November,21,Monday,18,34,Flinders St-Spark La,174
1683710,11/21/2016 18:00,2016,November,21,Monday,18,35,Southbank,2369
1683711,11/21/2016 18:00,2016,November,21,Monday,18,36,Queen St (West),358
1683712,11/21/2016 18:00,2016,November,21,Monday,18,37,Lygon St (East),229
1683713,11/21/2016 18:00,2016,November,21,Monday,18,38,Flinders St-Swanston St (West),3810
1683714,11/21/2016 18:00,2016,November,21,Monday,18,39,Alfred Place,283
1683715,11/21/2016 18:00,2016,November,21,Monday,18,40,Lonsdale St-Spring St (West),300
1683716,11/21/2016 18:00,2016,November,21,Monday,18,42,Grattan St-Swanston St (West),199
1683717,11/21/2016 18:00,2016,November,21,Monday,18,43,Monash Rd-Swanston St (West),164
1683718,11/21/2016 18:00,2016,November,21,Monday,18,44,Tin Alley-Swanston St (West),131
1683719,11/21/2016 18:00,2016,November,21,Monday,18,53,Collins St (North),670
1683720,11/21/2016 19:00,2016,November,21,Monday,19,1,Bourke Street Mall (North),1559
1683721,11/21/2016 19:00,2016,November,21,Monday,19,2,Bourke Street Mall (South),686
1683722,11/21/2016 19:00,2016,November,21,Monday,19,5,Princes Bridge,1348
1683723,11/21/2016 19:00,2016,November,21,Monday,19,6,Flinders Street Station Underpass,1469
1683724,11/21/2016 19:00,2016,November,21,Monday,19,8,Webb Bridge,100
1683725,11/21/2016 19:00,2016,November,21,Monday,19,9,Southern Cross Station,361
1683726,11/21/2016 19:00,2016,November,21,Monday,19,10,Victoria Point,183
1683727,11/21/2016 19:00,2016,November,21,Monday,19,11,Waterfront City,137
1683728,11/21/2016 19:00,2016,November,21,Monday,19,12,New Quay,300
1683729,11/21/2016 19:00,2016,November,21,Monday,19,13,Flagstaff Station,592
1683730,11/21/2016 19:00,2016,November,21,Monday,19,14,Sandridge Bridge,487
1683731,11/21/2016 19:00,2016,November,21,Monday,19,15,State Library,1269
1683732,11/21/2016 19:00,2016,November,21,Monday,19,17,Collins Place (South),363
1683733,11/21/2016 19:00,2016,November,21,Monday,19,18,Collins Place (North),259
1683734,11/21/2016 19:00,2016,November,21,Monday,19,19,Chinatown-Swanston St (North),1128
1683735,11/21/2016 19:00,2016,November,21,Monday,19,20,Chinatown-Lt Bourke St (South),774
1683736,11/21/2016 19:00,2016,November,21,Monday,19,21,Bourke St-Russell St (West),785
1683737,11/21/2016 19:00,2016,November,21,Monday,19,24,Spencer St-Collins St (North),1222
1683738,11/21/2016 19:00,2016,November,21,Monday,19,25,Melbourne Convention Exhibition Centre,361
1683739,11/21/2016 19:00,2016,November,21,Monday,19,26,QV Market-Elizabeth St (West),463
1683740,11/21/2016 19:00,2016,November,21,Monday,19,27,QV Market-Peel St,99
1683741,11/21/2016 19:00,2016,November,21,Monday,19,28,The Arts Centre,913
1683742,11/21/2016 19:00,2016,November,21,Monday,19,29,St Kilda Rd-Alexandra Gardens,435
1683743,11/21/2016 19:00,2016,November,21,Monday,19,30,Lonsdale St (South),721
1683744,11/21/2016 19:00,2016,November,21,Monday,19,31,Lygon St (West),496
1683745,11/21/2016 19:00,2016,November,21,Monday,19,32,City Square,1446
1683746,11/21/2016 19:00,2016,November,21,Monday,19,33,Flinders St-Spring St (West),110
1683747,11/21/2016 19:00,2016,November,21,Monday,19,34,Flinders St-Spark La,120
1683748,11/21/2016 19:00,2016,November,21,Monday,19,35,Southbank,1951
1683749,11/21/2016 19:00,2016,November,21,Monday,19,36,Queen St (West),220
1683750,11/21/2016 19:00,2016,November,21,Monday,19,37,Lygon St (East),299
1683751,11/21/2016 19:00,2016,November,21,Monday,19,38,Flinders St-Swanston St (West),2530
1683752,11/21/2016 19:00,2016,November,21,Monday,19,39,Alfred Place,200
1683753,11/21/2016 19:00,2016,November,21,Monday,19,40,Lonsdale St-Spring St (West),191
1683754,11/21/2016 19:00,2016,November,21,Monday,19,42,Grattan St-Swanston St (West),134
1683755,11/21/2016 19:00,2016,November,21,Monday,19,43,Monash Rd-Swanston St (West),117
1683756,11/21/2016 19:00,2016,November,21,Monday,19,44,Tin Alley-Swanston St (West),100
1683757,11/21/2016 19:00,2016,November,21,Monday,19,53,Collins St (North),454
1683758,11/21/2016 20:00,2016,November,21,Monday,20,1,Bourke Street Mall (North),1073
1683759,11/21/2016 20:00,2016,November,21,Monday,20,2,Bourke Street Mall (South),398
1683760,11/21/2016 20:00,2016,November,21,Monday,20,5,Princes Bridge,1633
1683761,11/21/2016 20:00,2016,November,21,Monday,20,6,Flinders Street Station Underpass,1084
1683762,11/21/2016 20:00,2016,November,21,Monday,20,8,Webb Bridge,102
1683763,11/21/2016 20:00,2016,November,21,Monday,20,9,Southern Cross Station,181
1683764,11/21/2016 20:00,2016,November,21,Monday,20,10,Victoria Point,127
1683765,11/21/2016 20:00,2016,November,21,Monday,20,11,Waterfront City,154
1683766,11/21/2016 20:00,2016,November,21,Monday,20,12,New Quay,234
1683767,11/21/2016 20:00,2016,November,21,Monday,20,13,Flagstaff Station,297
1683768,11/21/2016 20:00,2016,November,21,Monday,20,14,Sandridge Bridge,355
1683769,11/21/2016 20:00,2016,November,21,Monday,20,15,State Library,974
1683770,11/21/2016 20:00,2016,November,21,Monday,20,17,Collins Place (South),355
1683771,11/21/2016 20:00,2016,November,21,Monday,20,18,Collins Place (North),148
1683772,11/21/2016 20:00,2016,November,21,Monday,20,19,Chinatown-Swanston St (North),933
1683773,11/21/2016 20:00,2016,November,21,Monday,20,20,Chinatown-Lt Bourke St (South),557
1683774,11/21/2016 20:00,2016,November,21,Monday,20,21,Bourke St-Russell St (West),735
1683775,11/21/2016 20:00,2016,November,21,Monday,20,24,Spencer St-Collins St (North),758
1683776,11/21/2016 20:00,2016,November,21,Monday,20,25,Melbourne Convention Exhibition Centre,291
1683777,11/21/2016 20:00,2016,November,21,Monday,20,26,QV Market-Elizabeth St (West),425
1683778,11/21/2016 20:00,2016,November,21,Monday,20,27,QV Market-Peel St,79
1683779,11/21/2016 20:00,2016,November,21,Monday,20,28,The Arts Centre,1185
1683780,11/21/2016 20:00,2016,November,21,Monday,20,29,St Kilda Rd-Alexandra Gardens,373
1683781,11/21/2016 20:00,2016,November,21,Monday,20,30,Lonsdale St (South),696
1683782,11/21/2016 20:00,2016,November,21,Monday,20,31,Lygon St (West),544
1683783,11/21/2016 20:00,2016,November,21,Monday,20,32,City Square,1011
1683784,11/21/2016 20:00,2016,November,21,Monday,20,33,Flinders St-Spring St (West),79
1683785,11/21/2016 20:00,2016,November,21,Monday,20,34,Flinders St-Spark La,138
1683786,11/21/2016 20:00,2016,November,21,Monday,20,35,Southbank,1420
1683787,11/21/2016 20:00,2016,November,21,Monday,20,36,Queen St (West),189
1683788,11/21/2016 20:00,2016,November,21,Monday,20,37,Lygon St (East),327
1683789,11/21/2016 20:00,2016,November,21,Monday,20,38,Flinders St-Swanston St (West),2489
1683790,11/21/2016 20:00,2016,November,21,Monday,20,39,Alfred Place,88
1683791,11/21/2016 20:00,2016,November,21,Monday,20,40,Lonsdale St-Spring St (West),194
1683792,11/21/2016 20:00,2016,November,21,Monday,20,42,Grattan St-Swanston St (West),104
1683793,11/21/2016 20:00,2016,November,21,Monday,20,43,Monash Rd-Swanston St (West),79
1683794,11/21/2016 20:00,2016,November,21,Monday,20,44,Tin Alley-Swanston St (West),54
1683795,11/21/2016 20:00,2016,November,21,Monday,20,53,Collins St (North),268
1683796,11/21/2016 21:00,2016,November,21,Monday,21,1,Bourke Street Mall (North),821
1683797,11/21/2016 21:00,2016,November,21,Monday,21,2,Bourke Street Mall (South),319
1683798,11/21/2016 21:00,2016,November,21,Monday,21,5,Princes Bridge,1476
1683799,11/21/2016 21:00,2016,November,21,Monday,21,6,Flinders Street Station Underpass,994
1683800,11/21/2016 21:00,2016,November,21,Monday,21,8,Webb Bridge,61
1683801,11/21/2016 21:00,2016,November,21,Monday,21,9,Southern Cross Station,100
1683802,11/21/2016 21:00,2016,November,21,Monday,21,10,Victoria Point,93
1683803,11/21/2016 21:00,2016,November,21,Monday,21,11,Waterfront City,104
1683804,11/21/2016 21:00,2016,November,21,Monday,21,12,New Quay,301
1683805,11/21/2016 21:00,2016,November,21,Monday,21,13,Flagstaff Station,226
1683806,11/21/2016 21:00,2016,November,21,Monday,21,14,Sandridge Bridge,334
1683807,11/21/2016 21:00,2016,November,21,Monday,21,15,State Library,721
1683808,11/21/2016 21:00,2016,November,21,Monday,21,17,Collins Place (South),191
1683809,11/21/2016 21:00,2016,November,21,Monday,21,18,Collins Place (North),102
1683810,11/21/2016 21:00,2016,November,21,Monday,21,19,Chinatown-Swanston St (North),742
1683811,11/21/2016 21:00,2016,November,21,Monday,21,20,Chinatown-Lt Bourke St (South),462
1683812,11/21/2016 21:00,2016,November,21,Monday,21,21,Bourke St-Russell St (West),633
1683813,11/21/2016 21:00,2016,November,21,Monday,21,24,Spencer St-Collins St (North),692
1683814,11/21/2016 21:00,2016,November,21,Monday,21,25,Melbourne Convention Exhibition Centre,341
1683815,11/21/2016 21:00,2016,November,21,Monday,21,26,QV Market-Elizabeth St (West),313
1683816,11/21/2016 21:00,2016,November,21,Monday,21,27,QV Market-Peel St,72
1683817,11/21/2016 21:00,2016,November,21,Monday,21,28,The Arts Centre,999
1683818,11/21/2016 21:00,2016,November,21,Monday,21,29,St Kilda Rd-Alexandra Gardens,212
1683819,11/21/2016 21:00,2016,November,21,Monday,21,30,Lonsdale St (South),577
1683820,11/21/2016 21:00,2016,November,21,Monday,21,31,Lygon St (West),584
1683821,11/21/2016 21:00,2016,November,21,Monday,21,32,City Square,920
1683822,11/21/2016 21:00,2016,November,21,Monday,21,33,Flinders St-Spring St (West),69
1683823,11/21/2016 21:00,2016,November,21,Monday,21,34,Flinders St-Spark La,102
1683824,11/21/2016 21:00,2016,November,21,Monday,21,35,Southbank,1518
1683825,11/21/2016 21:00,2016,November,21,Monday,21,36,Queen St (West),129
1683826,11/21/2016 21:00,2016,November,21,Monday,21,37,Lygon St (East),315
1683827,11/21/2016 21:00,2016,November,21,Monday,21,38,Flinders St-Swanston St (West),1952
1683828,11/21/2016 21:00,2016,November,21,Monday,21,39,Alfred Place,96
1683829,11/21/2016 21:00,2016,November,21,Monday,21,40,Lonsdale St-Spring St (West),162
1683830,11/21/2016 21:00,2016,November,21,Monday,21,42,Grattan St-Swanston St (West),110
1683831,11/21/2016 21:00,2016,November,21,Monday,21,43,Monash Rd-Swanston St (West),72
1683832,11/21/2016 21:00,2016,November,21,Monday,21,44,Tin Alley-Swanston St (West),59
1683833,11/21/2016 21:00,2016,November,21,Monday,21,53,Collins St (North),302
1683834,11/21/2016 22:00,2016,November,21,Monday,22,1,Bourke Street Mall (North),298
1683835,11/21/2016 22:00,2016,November,21,Monday,22,2,Bourke Street Mall (South),166
1683836,11/21/2016 22:00,2016,November,21,Monday,22,5,Princes Bridge,568
1683837,11/21/2016 22:00,2016,November,21,Monday,22,6,Flinders Street Station Underpass,754
1683838,11/21/2016 22:00,2016,November,21,Monday,22,8,Webb Bridge,20
1683839,11/21/2016 22:00,2016,November,21,Monday,22,9,Southern Cross Station,66
1683840,11/21/2016 22:00,2016,November,21,Monday,22,10,Victoria Point,60
1683841,11/21/2016 22:00,2016,November,21,Monday,22,11,Waterfront City,14
1683842,11/21/2016 22:00,2016,November,21,Monday,22,12,New Quay,91
1683843,11/21/2016 22:00,2016,November,21,Monday,22,13,Flagstaff Station,188
1683844,11/21/2016 22:00,2016,November,21,Monday,22,14,Sandridge Bridge,241
1683845,11/21/2016 22:00,2016,November,21,Monday,22,15,State Library,376
1683846,11/21/2016 22:00,2016,November,21,Monday,22,17,Collins Place (South),134
1683847,11/21/2016 22:00,2016,November,21,Monday,22,18,Collins Place (North),41
1683848,11/21/2016 22:00,2016,November,21,Monday,22,19,Chinatown-Swanston St (North),439
1683849,11/21/2016 22:00,2016,November,21,Monday,22,20,Chinatown-Lt Bourke St (South),238
1683850,11/21/2016 22:00,2016,November,21,Monday,22,21,Bourke St-Russell St (West),382
1683851,11/21/2016 22:00,2016,November,21,Monday,22,24,Spencer St-Collins St (North),440
1683852,11/21/2016 22:00,2016,November,21,Monday,22,25,Melbourne Convention Exhibition Centre,175
1683853,11/21/2016 22:00,2016,November,21,Monday,22,26,QV Market-Elizabeth St (West),199
1683854,11/21/2016 22:00,2016,November,21,Monday,22,27,QV Market-Peel St,57
1683855,11/21/2016 22:00,2016,November,21,Monday,22,28,The Arts Centre,332
1683856,11/21/2016 22:00,2016,November,21,Monday,22,29,St Kilda Rd-Alexandra Gardens,98
1683857,11/21/2016 22:00,2016,November,21,Monday,22,30,Lonsdale St (South),411
1683858,11/21/2016 22:00,2016,November,21,Monday,22,31,Lygon St (West),332
1683859,11/21/2016 22:00,2016,November,21,Monday,22,32,City Square,355
1683860,11/21/2016 22:00,2016,November,21,Monday,22,33,Flinders St-Spring St (West),44
1683861,11/21/2016 22:00,2016,November,21,Monday,22,34,Flinders St-Spark La,100
1683862,11/21/2016 22:00,2016,November,21,Monday,22,35,Southbank,797
1683863,11/21/2016 22:00,2016,November,21,Monday,22,36,Queen St (West),72
1683864,11/21/2016 22:00,2016,November,21,Monday,22,37,Lygon St (East),164
1683865,11/21/2016 22:00,2016,November,21,Monday,22,38,Flinders St-Swanston St (West),1057
1683866,11/21/2016 22:00,2016,November,21,Monday,22,39,Alfred Place,102
1683867,11/21/2016 22:00,2016,November,21,Monday,22,40,Lonsdale St-Spring St (West),68
1683868,11/21/2016 22:00,2016,November,21,Monday,22,42,Grattan St-Swanston St (West),53
1683869,11/21/2016 22:00,2016,November,21,Monday,22,43,Monash Rd-Swanston St (West),44
1683870,11/21/2016 22:00,2016,November,21,Monday,22,44,Tin Alley-Swanston St (West),28
1683871,11/21/2016 22:00,2016,November,21,Monday,22,53,Collins St (North),122
1683872,11/21/2016 23:00,2016,November,21,Monday,23,1,Bourke Street Mall (North),170
1683873,11/21/2016 23:00,2016,November,21,Monday,23,2,Bourke Street Mall (South),99
1683874,11/21/2016 23:00,2016,November,21,Monday,23,5,Princes Bridge,354
1683875,11/21/2016 23:00,2016,November,21,Monday,23,6,Flinders Street Station Underpass,480
1683876,11/21/2016 23:00,2016,November,21,Monday,23,8,Webb Bridge,14
1683877,11/21/2016 23:00,2016,November,21,Monday,23,9,Southern Cross Station,35
1683878,11/21/2016 23:00,2016,November,21,Monday,23,10,Victoria Point,34
1683879,11/21/2016 23:00,2016,November,21,Monday,23,11,Waterfront City,11
1683880,11/21/2016 23:00,2016,November,21,Monday,23,12,New Quay,39
1683881,11/21/2016 23:00,2016,November,21,Monday,23,13,Flagstaff Station,114
1683882,11/21/2016 23:00,2016,November,21,Monday,23,14,Sandridge Bridge,182
1683883,11/21/2016 23:00,2016,November,21,Monday,23,15,State Library,221
1683884,11/21/2016 23:00,2016,November,21,Monday,23,17,Collins Place (South),95
1683885,11/21/2016 23:00,2016,November,21,Monday,23,18,Collins Place (North),36
1683886,11/21/2016 23:00,2016,November,21,Monday,23,19,Chinatown-Swanston St (North),237
1683887,11/21/2016 23:00,2016,November,21,Monday,23,20,Chinatown-Lt Bourke St (South),178
1683888,11/21/2016 23:00,2016,November,21,Monday,23,21,Bourke St-Russell St (West),307
1683889,11/21/2016 23:00,2016,November,21,Monday,23,24,Spencer St-Collins St (North),218
1683890,11/21/2016 23:00,2016,November,21,Monday,23,25,Melbourne Convention Exhibition Centre,98
1683891,11/21/2016 23:00,2016,November,21,Monday,23,26,QV Market-Elizabeth St (West),173
1683892,11/21/2016 23:00,2016,November,21,Monday,23,27,QV Market-Peel St,37
1683893,11/21/2016 23:00,2016,November,21,Monday,23,28,The Arts Centre,168
1683894,11/21/2016 23:00,2016,November,21,Monday,23,29,St Kilda Rd-Alexandra Gardens,55
1683895,11/21/2016 23:00,2016,November,21,Monday,23,30,Lonsdale St (South),311
1683896,11/21/2016 23:00,2016,November,21,Monday,23,31,Lygon St (West),162
1683897,11/21/2016 23:00,2016,November,21,Monday,23,32,City Square,289
1683898,11/21/2016 23:00,2016,November,21,Monday,23,33,Flinders St-Spring St (West),25
1683899,11/21/2016 23:00,2016,November,21,Monday,23,34,Flinders St-Spark La,45
1683900,11/21/2016 23:00,2016,November,21,Monday,23,35,Southbank,384
1683901,11/21/2016 23:00,2016,November,21,Monday,23,36,Queen St (West),22
1683902,11/21/2016 23:00,2016,November,21,Monday,23,37,Lygon St (East),159
1683903,11/21/2016 23:00,2016,November,21,Monday,23,38,Flinders St-Swanston St (West),875
1683904,11/21/2016 23:00,2016,November,21,Monday,23,39,Alfred Place,41
1683905,11/21/2016 23:00,2016,November,21,Monday,23,40,Lonsdale St-Spring St (West),36
1683906,11/21/2016 23:00,2016,November,21,Monday,23,42,Grattan St-Swanston St (West),39
1683907,11/21/2016 23:00,2016,November,21,Monday,23,43,Monash Rd-Swanston St (West),13
1683908,11/21/2016 23:00,2016,November,21,Monday,23,44,Tin Alley-Swanston St (West),13
1683909,11/21/2016 23:00,2016,November,21,Monday,23,53,Collins St (North),55
