,id,date_time,year,month,mdate,day,time,sensor_id,sensor_name_x,hourly_counts,sensor_description,sensor_name_y,installation_date,status,note,direction_1,direction_2,latitude,longitude,location
0,2887628,11/1/2019,2019,November,1,Friday,17,34,Flinders St-Spark La,300,Flinders St-Spark La,Fli32_T,6/8/2014,A,,East,West,-37.81537985,144.9741505,"(-37.81537985, 144.9741505)"
1,2887629,11/1/2019,2019,November,1,Friday,17,39,Alfred Place,604,Alfred Place,AlfPl_T,12/4/2019,A,In 4/12/2019 sensor upgraded,South,North,-37.81379749,144.9699575,"(-37.81379749, 144.96995745)"
2,2887630,11/1/2019,2019,November,1,Friday,17,37,Lygon St (East),216,Lygon St (East),Lyg260_T,2/11/2015,A,,North,South,-37.80310271,144.9667145,"(-37.80310271, 144.96671452)"
3,2887631,11/1/2019,2019,November,1,Friday,17,40,Lonsdale St-Spring St (West),627,Lonsdale St-Spring St (West),Spr201_T,1/19/2015,A,,South,North,-37.80999341,144.9722759,"(-37.80999341, 144.97227588)"
4,2887632,11/1/2019,2019,November,1,Friday,17,36,Queen St (West),774,Queen St (West),Que85_T,1/20/2015,A,,South,North,-37.81652527,144.9612106,"(-37.81652527, 144.96121063)"
5,2887633,11/1/2019,2019,November,1,Friday,17,29,St Kilda Rd-Alexandra Gardens,644,St Kilda Rd-Alexandra Gardens,AG_T,10/11/2013,A,sensor upgraded from laser to 3D on 19/12/2019,North,South,-37.81965808,144.9686345,"(-37.81965808, 144.96863453)"
6,2887634,11/1/2019,2019,November,1,Friday,17,42,Grattan St-Swanston St (West),453,Grattan St-Swanston St (West),UM1_T,4/15/2015,A,,South,North,-37.80008565,144.9638641,"(-37.80008565, 144.96386412)"
7,2887635,11/1/2019,2019,November,1,Friday,17,43,Monash Rd-Swanston St (West),387,Monash Rd-Swanston St (West),UM2_T,4/15/2015,A,,South,North,-37.79844525,144.9641178,"(-37.79844525, 144.96411782)"
8,2887636,11/1/2019,2019,November,1,Friday,17,44,Tin Alley-Swanston St (West),27,Tin Alley-Swanston St (West),UM3_T,4/15/2015,A,,South,North,-37.79690473,144.9644038,"(-37.79690473, 144.96440378)"
9,2887637,11/1/2019,2019,November,1,Friday,17,35,Southbank,"2,691",Southbank,SouthB_T,4/15/2021,A,River side,East,West,-37.82017828,144.9650888,"(-37.82017828, 144.96508877)"
10,2887638,11/1/2019,2019,November,1,Friday,17,45,Little Collins St-Swanston St (East),"2,173",Little Collins St-Swanston St (East),Swa148_T,6/29/2017,A,,North,South,-37.81414074,144.9660938,"(-37.81414074, 144.9660938)"
11,2887639,11/1/2019,2019,November,1,Friday,17,46,Pelham St (S),203,Pelham St (South),Pel147_T,7/10/2017,A,,West,East,-37.80240719,144.9615673,"(-37.80240719, 144.96156731)"
12,2887640,11/1/2019,2019,November,1,Friday,17,47,Melbourne Central-Elizabeth St (East),"2,354",Melbourne Central-Elizabeth St (East),Eli250_T,8/24/2017,A,,South,North,-37.81160331,144.9622008,"(-37.81160331, 144.96220077)"
13,2887641,11/1/2019,2019,November,1,Friday,17,48,QVM-Queen St (East),358,QVM-Queen St (East),QVMQ_T,10/2/2017,A,,East,West,-37.80631581,144.958667,"(-37.80631581, 144.95866698)"
14,2887642,11/1/2019,2019,November,1,Friday,17,49,QVM-Therry St (South),161,QVM-Therry St (South),Eli501_T,11/29/2017,A,,West,East,-37.80730067,144.9595606,"(-37.80730067, 144.95956055)"
15,2887643,11/1/2019,2019,November,1,Friday,17,50,Faraday St-Lygon St (West),502,Faraday St-Lygon St (West),Lyg309_T,11/30/2017,A,,North,South,-37.79808191,144.9672101,"(-37.79808191, 144.96721014)"
16,2887644,11/1/2019,2019,November,1,Friday,17,51,QVM-Franklin St (North),159,QVM-Franklin St (North),Fra118_T,11/30/2017,A,,West,East,-37.80841814,144.9590632,"(-37.80841814, 144.95906317)"
17,2887645,11/1/2019,2019,November,1,Friday,17,52,Elizabeth St-Lonsdale St (South),914,Elizabeth St-Lonsdale St (South),Eli263_T,7/31/2017,A,,West,East,-37.81252157,144.9619401,"(-37.81252157, 144.9619401)"
18,2887646,11/1/2019,2019,November,1,Friday,17,54,Lincoln-Swanston(West),276,Lincoln-Swanston (West),Swa607_T,6/26/2018,A,,South,North,-37.804024,144.963084,"(-37.804024, 144.963084)"
19,2887647,11/1/2019,2019,November,1,Friday,17,55,Elizabeth St-La Trobe St (East),"2,070",Elizabeth St-La Trobe St (East),Eli380_T,7/19/2018,A,,North,South,-37.80988941,144.9613433,"(-37.80988941, 144.96134331)"
20,2887648,11/1/2019,2019,November,1,Friday,17,56,Lonsdale St - Elizabeth St (North),789,Lonsdale St - Elizabeth St (North),Lon364_T,7/25/2018,A,,East,West,-37.81234775,144.9615331,"(-37.81234775, 144.96153311)"
21,2887649,11/1/2019,2019,November,1,Friday,17,57,Bourke St Bridge,"2,122",Bourke St Bridge,BouBri_T,8/13/2018,A,,West,East,-37.8176735,144.950256,"(-37.8176735, 144.95025595)"
22,2887650,11/1/2019,2019,November,1,Friday,17,58,Bourke St - Spencer St (North),"2,528",Bourke St - Spencer St (North),Bou688_T,9/27/2018,A,,West,East,-37.81686074,144.9535808,"(-37.81686074, 144.95358075)"
23,2887651,11/1/2019,2019,November,1,Friday,17,59,Swanston St - RMIT Building 80,485,Building 80 RMIT,RMIT_T,2/13/2019,A,,North,South,-37.80825648,144.9630486,"(-37.80825648, 144.96304859)"
24,2887652,11/1/2019,2019,November,1,Friday,17,61,Swanston St - RMIT Building 14,"1,240",RMIT Building 14,RMIT14_T,6/28/2019,A,,North,South,-37.80767455,144.9630912,"(-37.80767455, 144.96309115)"
25,2887653,11/1/2019,2019,November,1,Friday,17,62,La Trobe St (North),229,La Trobe St (North),Lat224_T,9/25/2019,A,,East,West,-37.80996494,144.9621652,"(-37.80996494, 144.96216521)"
26,2887654,11/1/2019,2019,November,1,Friday,18,4,Town Hall (West),"2,950",Town Hall (West),Swa123_T,3/23/2009,A,,South,North,-37.81487988,144.9660878,"(-37.81487988, 144.9660878)"
27,2887655,11/1/2019,2019,November,1,Friday,18,17,Collins Place (South),646,Collins Place (South),Col15_T,3/30/2009,A,Device is upgraded in 26/02/2020,East,West,-37.81362542,144.9732359,"(-37.81362542, 144.97323592)"
28,2887656,11/1/2019,2019,November,1,Friday,18,18,Collins Place (North),626,Collins Place (North),Col12_T,3/30/2009,A,,East,West,-37.81344861,144.9730535,"(-37.81344861, 144.97305354)"
29,2887657,11/1/2019,2019,November,1,Friday,18,53,Collins St (North),"1,153",Collins Street (North),Col254_T,9/23/2015,A,,West,East,-37.8156419,144.965499,"(-37.8156419, 144.965499)"
30,2887658,11/1/2019,2019,November,1,Friday,18,2,Bourke Street Mall (South),"2,226",Bourke Street Mall (South),Bou283_T,3/30/2009,A,,East,West,-37.81380667,144.9651672,"(-37.81380667, 144.96516719)"
31,2887659,11/1/2019,2019,November,1,Friday,18,1,Bourke Street Mall (North),"3,183",Bourke Street Mall (North),Bou292_T,3/24/2009,A,,West,East,-37.8134944,144.9651532,"(-37.8134944, 144.96515324)"
32,2887660,11/1/2019,2019,November,1,Friday,18,3,Melbourne Central,"2,802",Melbourne Central,Swa295_T,3/25/2009,A,,North,South,-37.81101523,144.9642949,"(-37.81101523, 144.96429485)"
33,2887661,11/1/2019,2019,November,1,Friday,18,15,State Library,"1,904",State Library,QV_T,3/25/2009,R,,South,North,-37.81064378,144.9644713,"(-37.81064378, 144.96447132)"
34,2887662,11/1/2019,2019,November,1,Friday,18,9,Southern Cross Station,"1,310",Southern Cross Station,Col700_T,3/23/2009,A,,East,West,-37.81982992,144.9510256,"(-37.81982992, 144.95102556)"
35,2887663,11/1/2019,2019,November,1,Friday,18,10,Victoria Point,147,Victoria Point,BouHbr_T,4/23/2009,A,,West,East,-37.81876473,144.9471055,"(-37.81876473, 144.94710545)"
36,2887664,11/1/2019,2019,November,1,Friday,18,12,New Quay,424,New Quay,NewQ_T,1/21/2009,A,,West,East,-37.81457987,144.942924,"(-37.81457987, 144.94292398)"
37,2887665,11/1/2019,2019,November,1,Friday,18,11,Waterfront City,90,Waterfront City,WatCit_T,1/20/2009,A,,East,West,-37.81564989,144.939707,"(-37.81564989, 144.93970695)"
38,2887666,11/1/2019,2019,November,1,Friday,18,8,Webb Bridge,301,Webb Bridge,WebBN_T,3/24/2009,A,,North,South,-37.82293543,144.9471751,"(-37.82293543, 144.94717511)"
39,2887667,11/1/2019,2019,November,1,Friday,18,7,Birrarung Marr,"1,010",Birrarung Marr,Fed_T,12/17/2014,A,,East,West,-37.81862929,144.971694,"(-37.81862929, 144.97169395)"
40,2887668,11/1/2019,2019,November,1,Friday,18,5,Princes Bridge,"3,084",Princes Bridge,PriNW_T,3/26/2009,A,,North,South,-37.81874249,144.9678766,"(-37.81874249, 144.96787656)"
41,2887669,11/1/2019,2019,November,1,Friday,18,6,Flinders Street Station Underpass,"3,462",Flinders Street Station Underpass,FliS_T,3/25/2009,A,Upgraded on 8/09/21,North,South,-37.81911704,144.9655826,"(-37.81911704, 144.96558256)"
42,2887670,11/1/2019,2019,November,1,Friday,18,14,Sandridge Bridge,43,Sandridge Bridge,SanBri_T,9/25/2019,A,,North,South,-37.82011242,144.962919,"(-37.82011242, 144.96291898)"
43,2887671,11/1/2019,2019,November,1,Friday,18,26,QV Market-Elizabeth St (West),744,QV Market-Elizabeth St (West),Eli483_T,9/28/2013,A,,South,North,-37.80869542,144.960494,"(-37.80869542, 144.96049404)"
44,2887672,11/1/2019,2019,November,1,Friday,18,24,Spencer St-Collins St (North),"2,552",Spencer St-Collins St (North),Col620_T,9/2/2013,A,,East,West,-37.81887962,144.954492,"(-37.81887962, 144.95449198)"
45,2887673,11/1/2019,2019,November,1,Friday,18,23,Spencer St-Collins St (South),496,Spencer St-Collins St (South),Col623_T,9/2/2013,A,,East,West,-37.81909256,144.9545275,"(-37.81909256, 144.95452749)"
46,2887674,11/1/2019,2019,November,1,Friday,18,25,Melbourne Convention Exhibition Centre,"2,355",Melbourne Convention Exhibition Centre,MCEC_T,10/2/2019,A,Sensor relocated from 14 to 25 on 2/10/2019,East,West,-37.82401776,144.9560443,"(-37.82401776, 144.95604426)"
47,2887675,11/1/2019,2019,November,1,Friday,18,21,Bourke St-Russell St (West),"1,071",Bourke St-Russell St (West),Rus180_T,9/2/2013,A,,South,North,-37.81244703,144.9677876,"(-37.81244703, 144.96778757)"
48,2887676,11/1/2019,2019,November,1,Friday,18,20,Chinatown-Lt Bourke St (South),816,Chinatown-Lt Bourke St (South),LtB170_T,9/6/2013,A,,East,West,-37.81172913,144.9682466,"(-37.81172913, 144.9682466)"
49,2887677,11/1/2019,2019,November,1,Friday,18,19,Chinatown-Swanston St (North),"1,362",Chinatown-Swanston St (North),LtB210_T,9/2/2013,A,,East,West,-37.81237202,144.9655067,"(-37.81237202, 144.96550671)"
50,2887678,11/1/2019,2019,November,1,Friday,18,22,Flinders St-Elizabeth St (East),"3,005",Flinders St-Elizabeth St (East),Eli274_T,8/12/2013,A,,South,North,-37.81786445,144.9650682,"(-37.81786445, 144.96506823)"
51,2887679,11/1/2019,2019,November,1,Friday,18,27,QV Market-Peel St,159,QV Market-Peel St,Vic_T,8/16/2013,A,,East,West,-37.80606888,144.9564469,"(-37.80606888, 144.95644693)"
52,2887680,11/1/2019,2019,November,1,Friday,18,28,The Arts Centre,"1,565",The Arts Centre,VAC_T,8/23/2013,A,,South,North,-37.82129924,144.9687931,"(-37.82129924, 144.96879309)"
53,2887681,11/1/2019,2019,November,1,Friday,18,31,Lygon St (West),418,Lygon St (West),Lyg161_T,10/10/2013,A,,South,North,-37.8016968,144.9665891,"(-37.8016968, 144.96658911)"
54,2887682,11/1/2019,2019,November,1,Friday,18,30,Lonsdale St (South),"1,129",Lonsdale St (South),Lon189_T,10/14/2013,A,,East,West,-37.81121849,144.9665681,"(-37.81121849, 144.96656807)"
55,2887683,11/1/2019,2019,November,1,Friday,18,34,Flinders St-Spark La,240,Flinders St-Spark La,Fli32_T,6/8/2014,A,,East,West,-37.81537985,144.9741505,"(-37.81537985, 144.9741505)"
56,2887684,11/1/2019,2019,November,1,Friday,18,39,Alfred Place,384,Alfred Place,AlfPl_T,12/4/2019,A,In 4/12/2019 sensor upgraded,South,North,-37.81379749,144.9699575,"(-37.81379749, 144.96995745)"
57,2887685,11/1/2019,2019,November,1,Friday,18,37,Lygon St (East),210,Lygon St (East),Lyg260_T,2/11/2015,A,,North,South,-37.80310271,144.9667145,"(-37.80310271, 144.96671452)"
58,2887686,11/1/2019,2019,November,1,Friday,18,40,Lonsdale St-Spring St (West),387,Lonsdale St-Spring St (West),Spr201_T,1/19/2015,A,,South,North,-37.80999341,144.9722759,"(-37.80999341, 144.97227588)"
59,2887687,11/1/2019,2019,November,1,Friday,18,36,Queen St (West),496,Queen St (West),Que85_T,1/20/2015,A,,South,North,-37.81652527,144.9612106,"(-37.81652527, 144.96121063)"
60,2887688,11/1/2019,2019,November,1,Friday,18,29,St Kilda Rd-Alexandra Gardens,754,St Kilda Rd-Alexandra Gardens,AG_T,10/11/2013,A,sensor upgraded from laser to 3D on 19/12/2019,North,South,-37.81965808,144.9686345,"(-37.81965808, 144.96863453)"
61,2887689,11/1/2019,2019,November,1,Friday,18,42,Grattan St-Swanston St (West),447,Grattan St-Swanston St (West),UM1_T,4/15/2015,A,,South,North,-37.80008565,144.9638641,"(-37.80008565, 144.96386412)"
62,2887690,11/1/2019,2019,November,1,Friday,18,43,Monash Rd-Swanston St (West),145,Monash Rd-Swanston St (West),UM2_T,4/15/2015,A,,South,North,-37.79844525,144.9641178,"(-37.79844525, 144.96411782)"
63,2887691,11/1/2019,2019,November,1,Friday,18,44,Tin Alley-Swanston St (West),25,Tin Alley-Swanston St (West),UM3_T,4/15/2015,A,,South,North,-37.79690473,144.9644038,"(-37.79690473, 144.96440378)"
64,2887692,11/1/2019,2019,November,1,Friday,18,35,Southbank,"2,292",Southbank,SouthB_T,4/15/2021,A,River side,East,West,-37.82017828,144.9650888,"(-37.82017828, 144.96508877)"
65,2887693,11/1/2019,2019,November,1,Friday,18,45,Little Collins St-Swanston St (East),"1,927",Little Collins St-Swanston St (East),Swa148_T,6/29/2017,A,,North,South,-37.81414074,144.9660938,"(-37.81414074, 144.9660938)"
66,2887694,11/1/2019,2019,November,1,Friday,18,46,Pelham St (S),201,Pelham St (South),Pel147_T,7/10/2017,A,,West,East,-37.80240719,144.9615673,"(-37.80240719, 144.96156731)"
67,2887695,11/1/2019,2019,November,1,Friday,18,47,Melbourne Central-Elizabeth St (East),"1,933",Melbourne Central-Elizabeth St (East),Eli250_T,8/24/2017,A,,South,North,-37.81160331,144.9622008,"(-37.81160331, 144.96220077)"
68,2887696,11/1/2019,2019,November,1,Friday,18,48,QVM-Queen St (East),273,QVM-Queen St (East),QVMQ_T,10/2/2017,A,,East,West,-37.80631581,144.958667,"(-37.80631581, 144.95866698)"
69,2887697,11/1/2019,2019,November,1,Friday,18,49,QVM-Therry St (South),150,QVM-Therry St (South),Eli501_T,11/29/2017,A,,West,East,-37.80730067,144.9595606,"(-37.80730067, 144.95956055)"
70,2887698,11/1/2019,2019,November,1,Friday,18,50,Faraday St-Lygon St (West),624,Faraday St-Lygon St (West),Lyg309_T,11/30/2017,A,,North,South,-37.79808191,144.9672101,"(-37.79808191, 144.96721014)"
71,2887699,11/1/2019,2019,November,1,Friday,18,51,QVM-Franklin St (North),181,QVM-Franklin St (North),Fra118_T,11/30/2017,A,,West,East,-37.80841814,144.9590632,"(-37.80841814, 144.95906317)"
72,2887700,11/1/2019,2019,November,1,Friday,18,52,Elizabeth St-Lonsdale St (South),806,Elizabeth St-Lonsdale St (South),Eli263_T,7/31/2017,A,,West,East,-37.81252157,144.9619401,"(-37.81252157, 144.9619401)"
73,2887701,11/1/2019,2019,November,1,Friday,18,54,Lincoln-Swanston(West),178,Lincoln-Swanston (West),Swa607_T,6/26/2018,A,,South,North,-37.804024,144.963084,"(-37.804024, 144.963084)"
74,2887702,11/1/2019,2019,November,1,Friday,18,55,Elizabeth St-La Trobe St (East),"1,972",Elizabeth St-La Trobe St (East),Eli380_T,7/19/2018,A,,North,South,-37.80988941,144.9613433,"(-37.80988941, 144.96134331)"
75,2887703,11/1/2019,2019,November,1,Friday,18,56,Lonsdale St - Elizabeth St (North),598,Lonsdale St - Elizabeth St (North),Lon364_T,7/25/2018,A,,East,West,-37.81234775,144.9615331,"(-37.81234775, 144.96153311)"
76,2887704,11/1/2019,2019,November,1,Friday,18,57,Bourke St Bridge,870,Bourke St Bridge,BouBri_T,8/13/2018,A,,West,East,-37.8176735,144.950256,"(-37.8176735, 144.95025595)"
77,2887705,11/1/2019,2019,November,1,Friday,18,58,Bourke St - Spencer St (North),"1,499",Bourke St - Spencer St (North),Bou688_T,9/27/2018,A,,West,East,-37.81686074,144.9535808,"(-37.81686074, 144.95358075)"
78,2887706,11/1/2019,2019,November,1,Friday,18,59,Swanston St - RMIT Building 80,396,Building 80 RMIT,RMIT_T,2/13/2019,A,,North,South,-37.80825648,144.9630486,"(-37.80825648, 144.96304859)"
79,2887707,11/1/2019,2019,November,1,Friday,18,61,Swanston St - RMIT Building 14,"1,080",RMIT Building 14,RMIT14_T,6/28/2019,A,,North,South,-37.80767455,144.9630912,"(-37.80767455, 144.96309115)"
80,2887708,11/1/2019,2019,November,1,Friday,18,62,La Trobe St (North),262,La Trobe St (North),Lat224_T,9/25/2019,A,,East,West,-37.80996494,144.9621652,"(-37.80996494, 144.96216521)"
81,2887709,11/1/2019,2019,November,1,Friday,19,4,Town Hall (West),"2,345",Town Hall (West),Swa123_T,3/23/2009,A,,South,North,-37.81487988,144.9660878,"(-37.81487988, 144.9660878)"
82,2887710,11/1/2019,2019,November,1,Friday,19,17,Collins Place (South),367,Collins Place (South),Col15_T,3/30/2009,A,Device is upgraded in 26/02/2020,East,West,-37.81362542,144.9732359,"(-37.81362542, 144.97323592)"
83,2887711,11/1/2019,2019,November,1,Friday,19,18,Collins Place (North),294,Collins Place (North),Col12_T,3/30/2009,A,,East,West,-37.81344861,144.9730535,"(-37.81344861, 144.97305354)"
84,2887712,11/1/2019,2019,November,1,Friday,19,53,Collins St (North),784,Collins Street (North),Col254_T,9/23/2015,A,,West,East,-37.8156419,144.965499,"(-37.8156419, 144.965499)"
85,2887713,11/1/2019,2019,November,1,Friday,19,2,Bourke Street Mall (South),"1,639",Bourke Street Mall (South),Bou283_T,3/30/2009,A,,East,West,-37.81380667,144.9651672,"(-37.81380667, 144.96516719)"
86,2887714,11/1/2019,2019,November,1,Friday,19,1,Bourke Street Mall (North),"2,533",Bourke Street Mall (North),Bou292_T,3/24/2009,A,,West,East,-37.8134944,144.9651532,"(-37.8134944, 144.96515324)"
87,2887715,11/1/2019,2019,November,1,Friday,19,3,Melbourne Central,"2,512",Melbourne Central,Swa295_T,3/25/2009,A,,North,South,-37.81101523,144.9642949,"(-37.81101523, 144.96429485)"
88,2887716,11/1/2019,2019,November,1,Friday,19,15,State Library,"1,562",State Library,QV_T,3/25/2009,R,,South,North,-37.81064378,144.9644713,"(-37.81064378, 144.96447132)"
89,2887717,11/1/2019,2019,November,1,Friday,19,9,Southern Cross Station,522,Southern Cross Station,Col700_T,3/23/2009,A,,East,West,-37.81982992,144.9510256,"(-37.81982992, 144.95102556)"
90,2887718,11/1/2019,2019,November,1,Friday,19,10,Victoria Point,126,Victoria Point,BouHbr_T,4/23/2009,A,,West,East,-37.81876473,144.9471055,"(-37.81876473, 144.94710545)"
91,2887719,11/1/2019,2019,November,1,Friday,19,12,New Quay,385,New Quay,NewQ_T,1/21/2009,A,,West,East,-37.81457987,144.942924,"(-37.81457987, 144.94292398)"
92,2887720,11/1/2019,2019,November,1,Friday,19,11,Waterfront City,123,Waterfront City,WatCit_T,1/20/2009,A,,East,West,-37.81564989,144.939707,"(-37.81564989, 144.93970695)"
93,2887721,11/1/2019,2019,November,1,Friday,19,8,Webb Bridge,221,Webb Bridge,WebBN_T,3/24/2009,A,,North,South,-37.82293543,144.9471751,"(-37.82293543, 144.94717511)"
94,2887722,11/1/2019,2019,November,1,Friday,19,7,Birrarung Marr,436,Birrarung Marr,Fed_T,12/17/2014,A,,East,West,-37.81862929,144.971694,"(-37.81862929, 144.97169395)"
95,2887723,11/1/2019,2019,November,1,Friday,19,5,Princes Bridge,"2,530",Princes Bridge,PriNW_T,3/26/2009,A,,North,South,-37.81874249,144.9678766,"(-37.81874249, 144.96787656)"
96,2887724,11/1/2019,2019,November,1,Friday,19,6,Flinders Street Station Underpass,"2,467",Flinders Street Station Underpass,FliS_T,3/25/2009,A,Upgraded on 8/09/21,North,South,-37.81911704,144.9655826,"(-37.81911704, 144.96558256)"
97,2887725,11/1/2019,2019,November,1,Friday,19,14,Sandridge Bridge,38,Sandridge Bridge,SanBri_T,9/25/2019,A,,North,South,-37.82011242,144.962919,"(-37.82011242, 144.96291898)"
98,2887726,11/1/2019,2019,November,1,Friday,19,26,QV Market-Elizabeth St (West),698,QV Market-Elizabeth St (West),Eli483_T,9/28/2013,A,,South,North,-37.80869542,144.960494,"(-37.80869542, 144.96049404)"
99,2887727,11/1/2019,2019,November,1,Friday,19,24,Spencer St-Collins St (North),"1,566",Spencer St-Collins St (North),Col620_T,9/2/2013,A,,East,West,-37.81887962,144.954492,"(-37.81887962, 144.95449198)"
100,2887728,11/1/2019,2019,November,1,Friday,19,23,Spencer St-Collins St (South),235,Spencer St-Collins St (South),Col623_T,9/2/2013,A,,East,West,-37.81909256,144.9545275,"(-37.81909256, 144.95452749)"
101,2887729,11/1/2019,2019,November,1,Friday,19,25,Melbourne Convention Exhibition Centre,"1,741",Melbourne Convention Exhibition Centre,MCEC_T,10/2/2019,A,Sensor relocated from 14 to 25 on 2/10/2019,East,West,-37.82401776,144.9560443,"(-37.82401776, 144.95604426)"
102,2887730,11/1/2019,2019,November,1,Friday,19,21,Bourke St-Russell St (West),"1,117",Bourke St-Russell St (West),Rus180_T,9/2/2013,A,,South,North,-37.81244703,144.9677876,"(-37.81244703, 144.96778757)"
103,2887731,11/1/2019,2019,November,1,Friday,19,20,Chinatown-Lt Bourke St (South),"1,013",Chinatown-Lt Bourke St (South),LtB170_T,9/6/2013,A,,East,West,-37.81172913,144.9682466,"(-37.81172913, 144.9682466)"
104,2887732,11/1/2019,2019,November,1,Friday,19,19,Chinatown-Swanston St (North),"1,404",Chinatown-Swanston St (North),LtB210_T,9/2/2013,A,,East,West,-37.81237202,144.9655067,"(-37.81237202, 144.96550671)"
105,2887733,11/1/2019,2019,November,1,Friday,19,22,Flinders St-Elizabeth St (East),"2,647",Flinders St-Elizabeth St (East),Eli274_T,8/12/2013,A,,South,North,-37.81786445,144.9650682,"(-37.81786445, 144.96506823)"
106,2887734,11/1/2019,2019,November,1,Friday,19,27,QV Market-Peel St,187,QV Market-Peel St,Vic_T,8/16/2013,A,,East,West,-37.80606888,144.9564469,"(-37.80606888, 144.95644693)"
107,2887735,11/1/2019,2019,November,1,Friday,19,28,The Arts Centre,"1,342",The Arts Centre,VAC_T,8/23/2013,A,,South,North,-37.82129924,144.9687931,"(-37.82129924, 144.96879309)"
108,2887736,11/1/2019,2019,November,1,Friday,19,31,Lygon St (West),512,Lygon St (West),Lyg161_T,10/10/2013,A,,South,North,-37.8016968,144.9665891,"(-37.8016968, 144.96658911)"
109,2887737,11/1/2019,2019,November,1,Friday,19,30,Lonsdale St (South),"1,184",Lonsdale St (South),Lon189_T,10/14/2013,A,,East,West,-37.81121849,144.9665681,"(-37.81121849, 144.96656807)"
110,2887738,11/1/2019,2019,November,1,Friday,19,34,Flinders St-Spark La,158,Flinders St-Spark La,Fli32_T,6/8/2014,A,,East,West,-37.81537985,144.9741505,"(-37.81537985, 144.9741505)"
111,2887739,11/1/2019,2019,November,1,Friday,19,39,Alfred Place,289,Alfred Place,AlfPl_T,12/4/2019,A,In 4/12/2019 sensor upgraded,South,North,-37.81379749,144.9699575,"(-37.81379749, 144.96995745)"
112,2887740,11/1/2019,2019,November,1,Friday,19,37,Lygon St (East),293,Lygon St (East),Lyg260_T,2/11/2015,A,,North,South,-37.80310271,144.9667145,"(-37.80310271, 144.96671452)"
113,2887741,11/1/2019,2019,November,1,Friday,19,40,Lonsdale St-Spring St (West),384,Lonsdale St-Spring St (West),Spr201_T,1/19/2015,A,,South,North,-37.80999341,144.9722759,"(-37.80999341, 144.97227588)"
114,2887742,11/1/2019,2019,November,1,Friday,19,36,Queen St (West),420,Queen St (West),Que85_T,1/20/2015,A,,South,North,-37.81652527,144.9612106,"(-37.81652527, 144.96121063)"
115,2887743,11/1/2019,2019,November,1,Friday,19,29,St Kilda Rd-Alexandra Gardens,502,St Kilda Rd-Alexandra Gardens,AG_T,10/11/2013,A,sensor upgraded from laser to 3D on 19/12/2019,North,South,-37.81965808,144.9686345,"(-37.81965808, 144.96863453)"
116,2887744,11/1/2019,2019,November,1,Friday,19,42,Grattan St-Swanston St (West),303,Grattan St-Swanston St (West),UM1_T,4/15/2015,A,,South,North,-37.80008565,144.9638641,"(-37.80008565, 144.96386412)"
117,2887745,11/1/2019,2019,November,1,Friday,19,43,Monash Rd-Swanston St (West),42,Monash Rd-Swanston St (West),UM2_T,4/15/2015,A,,South,North,-37.79844525,144.9641178,"(-37.79844525, 144.96411782)"
118,2887746,11/1/2019,2019,November,1,Friday,19,44,Tin Alley-Swanston St (West),41,Tin Alley-Swanston St (West),UM3_T,4/15/2015,A,,South,North,-37.79690473,144.9644038,"(-37.79690473, 144.96440378)"
119,2887747,11/1/2019,2019,November,1,Friday,19,35,Southbank,"2,058",Southbank,SouthB_T,4/15/2021,A,River side,East,West,-37.82017828,144.9650888,"(-37.82017828, 144.96508877)"
120,2887748,11/1/2019,2019,November,1,Friday,19,45,Little Collins St-Swanston St (East),"1,647",Little Collins St-Swanston St (East),Swa148_T,6/29/2017,A,,North,South,-37.81414074,144.9660938,"(-37.81414074, 144.9660938)"
121,2887749,11/1/2019,2019,November,1,Friday,19,46,Pelham St (S),134,Pelham St (South),Pel147_T,7/10/2017,A,,West,East,-37.80240719,144.9615673,"(-37.80240719, 144.96156731)"
122,2887750,11/1/2019,2019,November,1,Friday,19,47,Melbourne Central-Elizabeth St (East),"1,600",Melbourne Central-Elizabeth St (East),Eli250_T,8/24/2017,A,,South,North,-37.81160331,144.9622008,"(-37.81160331, 144.96220077)"
123,2887751,11/1/2019,2019,November,1,Friday,19,48,QVM-Queen St (East),256,QVM-Queen St (East),QVMQ_T,10/2/2017,A,,East,West,-37.80631581,144.958667,"(-37.80631581, 144.95866698)"
124,2887752,11/1/2019,2019,November,1,Friday,19,49,QVM-Therry St (South),190,QVM-Therry St (South),Eli501_T,11/29/2017,A,,West,East,-37.80730067,144.9595606,"(-37.80730067, 144.95956055)"
125,2887753,11/1/2019,2019,November,1,Friday,19,50,Faraday St-Lygon St (West),572,Faraday St-Lygon St (West),Lyg309_T,11/30/2017,A,,North,South,-37.79808191,144.9672101,"(-37.79808191, 144.96721014)"
126,2887754,11/1/2019,2019,November,1,Friday,19,51,QVM-Franklin St (North),184,QVM-Franklin St (North),Fra118_T,11/30/2017,A,,West,East,-37.80841814,144.9590632,"(-37.80841814, 144.95906317)"
127,2887755,11/1/2019,2019,November,1,Friday,19,52,Elizabeth St-Lonsdale St (South),773,Elizabeth St-Lonsdale St (South),Eli263_T,7/31/2017,A,,West,East,-37.81252157,144.9619401,"(-37.81252157, 144.9619401)"
128,2887756,11/1/2019,2019,November,1,Friday,19,54,Lincoln-Swanston(West),182,Lincoln-Swanston (West),Swa607_T,6/26/2018,A,,South,North,-37.804024,144.963084,"(-37.804024, 144.963084)"
129,2887757,11/1/2019,2019,November,1,Friday,19,55,Elizabeth St-La Trobe St (East),"1,748",Elizabeth St-La Trobe St (East),Eli380_T,7/19/2018,A,,North,South,-37.80988941,144.9613433,"(-37.80988941, 144.96134331)"
130,2887758,11/1/2019,2019,November,1,Friday,19,56,Lonsdale St - Elizabeth St (North),569,Lonsdale St - Elizabeth St (North),Lon364_T,7/25/2018,A,,East,West,-37.81234775,144.9615331,"(-37.81234775, 144.96153311)"
131,2887759,11/1/2019,2019,November,1,Friday,19,57,Bourke St Bridge,379,Bourke St Bridge,BouBri_T,8/13/2018,A,,West,East,-37.8176735,144.950256,"(-37.8176735, 144.95025595)"
132,2887760,11/1/2019,2019,November,1,Friday,19,58,Bourke St - Spencer St (North),953,Bourke St - Spencer St (North),Bou688_T,9/27/2018,A,,West,East,-37.81686074,144.9535808,"(-37.81686074, 144.95358075)"
133,2887761,11/1/2019,2019,November,1,Friday,19,59,Swanston St - RMIT Building 80,179,Building 80 RMIT,RMIT_T,2/13/2019,A,,North,South,-37.80825648,144.9630486,"(-37.80825648, 144.96304859)"
134,2887762,11/1/2019,2019,November,1,Friday,19,61,Swanston St - RMIT Building 14,832,RMIT Building 14,RMIT14_T,6/28/2019,A,,North,South,-37.80767455,144.9630912,"(-37.80767455, 144.96309115)"
135,2887763,11/1/2019,2019,November,1,Friday,19,62,La Trobe St (North),280,La Trobe St (North),Lat224_T,9/25/2019,A,,East,West,-37.80996494,144.9621652,"(-37.80996494, 144.96216521)"
136,2887764,11/1/2019,2019,November,1,Friday,20,4,Town Hall (West),"2,051",Town Hall (West),Swa123_T,3/23/2009,A,,South,North,-37.81487988,144.9660878,"(-37.81487988, 144.9660878)"
137,2887765,11/1/2019,2019,November,1,Friday,20,17,Collins Place (South),320,Collins Place (South),Col15_T,3/30/2009,A,Device is upgraded in 26/02/2020,East,West,-37.81362542,144.9732359,"(-37.81362542, 144.97323592)"
138,2887766,11/1/2019,2019,November,1,Friday,20,18,Collins Place (North),182,Collins Place (North),Col12_T,3/30/2009,A,,East,West,-37.81344861,144.9730535,"(-37.81344861, 144.97305354)"
139,2887767,11/1/2019,2019,November,1,Friday,20,53,Collins St (North),589,Collins Street (North),Col254_T,9/23/2015,A,,West,East,-37.8156419,144.965499,"(-37.8156419, 144.965499)"
140,2887768,11/1/2019,2019,November,1,Friday,20,2,Bourke Street Mall (South),"1,204",Bourke Street Mall (South),Bou283_T,3/30/2009,A,,East,West,-37.81380667,144.9651672,"(-37.81380667, 144.96516719)"
141,2887769,11/1/2019,2019,November,1,Friday,20,1,Bourke Street Mall (North),"2,070",Bourke Street Mall (North),Bou292_T,3/24/2009,A,,West,East,-37.8134944,144.9651532,"(-37.8134944, 144.96515324)"
142,2887770,11/1/2019,2019,November,1,Friday,20,3,Melbourne Central,"2,822",Melbourne Central,Swa295_T,3/25/2009,A,,North,South,-37.81101523,144.9642949,"(-37.81101523, 144.96429485)"
143,2887771,11/1/2019,2019,November,1,Friday,20,15,State Library,"1,444",State Library,QV_T,3/25/2009,R,,South,North,-37.81064378,144.9644713,"(-37.81064378, 144.96447132)"
144,2887772,11/1/2019,2019,November,1,Friday,20,9,Southern Cross Station,277,Southern Cross Station,Col700_T,3/23/2009,A,,East,West,-37.81982992,144.9510256,"(-37.81982992, 144.95102556)"
145,2887773,11/1/2019,2019,November,1,Friday,20,10,Victoria Point,142,Victoria Point,BouHbr_T,4/23/2009,A,,West,East,-37.81876473,144.9471055,"(-37.81876473, 144.94710545)"
146,2887774,11/1/2019,2019,November,1,Friday,20,12,New Quay,476,New Quay,NewQ_T,1/21/2009,A,,West,East,-37.81457987,144.942924,"(-37.81457987, 144.94292398)"
147,2887775,11/1/2019,2019,November,1,Friday,20,11,Waterfront City,154,Waterfront City,WatCit_T,1/20/2009,A,,East,West,-37.81564989,144.939707,"(-37.81564989, 144.93970695)"
148,2887776,11/1/2019,2019,November,1,Friday,20,8,Webb Bridge,204,Webb Bridge,WebBN_T,3/24/2009,A,,North,South,-37.82293543,144.9471751,"(-37.82293543, 144.94717511)"
149,2887777,11/1/2019,2019,November,1,Friday,20,7,Birrarung Marr,203,Birrarung Marr,Fed_T,12/17/2014,A,,East,West,-37.81862929,144.971694,"(-37.81862929, 144.97169395)"
150,2887778,11/1/2019,2019,November,1,Friday,20,5,Princes Bridge,"1,882",Princes Bridge,PriNW_T,3/26/2009,A,,North,South,-37.81874249,144.9678766,"(-37.81874249, 144.96787656)"
151,2887779,11/1/2019,2019,November,1,Friday,20,6,Flinders Street Station Underpass,"2,097",Flinders Street Station Underpass,FliS_T,3/25/2009,A,Upgraded on 8/09/21,North,South,-37.81911704,144.9655826,"(-37.81911704, 144.96558256)"
152,2887780,11/1/2019,2019,November,1,Friday,20,14,Sandridge Bridge,25,Sandridge Bridge,SanBri_T,9/25/2019,A,,North,South,-37.82011242,144.962919,"(-37.82011242, 144.96291898)"
153,2887781,11/1/2019,2019,November,1,Friday,20,26,QV Market-Elizabeth St (West),672,QV Market-Elizabeth St (West),Eli483_T,9/28/2013,A,,South,North,-37.80869542,144.960494,"(-37.80869542, 144.96049404)"
154,2887782,11/1/2019,2019,November,1,Friday,20,24,Spencer St-Collins St (North),"1,043",Spencer St-Collins St (North),Col620_T,9/2/2013,A,,East,West,-37.81887962,144.954492,"(-37.81887962, 144.95449198)"
155,2887783,11/1/2019,2019,November,1,Friday,20,23,Spencer St-Collins St (South),200,Spencer St-Collins St (South),Col623_T,9/2/2013,A,,East,West,-37.81909256,144.9545275,"(-37.81909256, 144.95452749)"
156,2887784,11/1/2019,2019,November,1,Friday,20,25,Melbourne Convention Exhibition Centre,"1,652",Melbourne Convention Exhibition Centre,MCEC_T,10/2/2019,A,Sensor relocated from 14 to 25 on 2/10/2019,East,West,-37.82401776,144.9560443,"(-37.82401776, 144.95604426)"
157,2887785,11/1/2019,2019,November,1,Friday,20,21,Bourke St-Russell St (West),997,Bourke St-Russell St (West),Rus180_T,9/2/2013,A,,South,North,-37.81244703,144.9677876,"(-37.81244703, 144.96778757)"
158,2887786,11/1/2019,2019,November,1,Friday,20,20,Chinatown-Lt Bourke St (South),974,Chinatown-Lt Bourke St (South),LtB170_T,9/6/2013,A,,East,West,-37.81172913,144.9682466,"(-37.81172913, 144.9682466)"
159,2887787,11/1/2019,2019,November,1,Friday,20,19,Chinatown-Swanston St (North),"1,362",Chinatown-Swanston St (North),LtB210_T,9/2/2013,A,,East,West,-37.81237202,144.9655067,"(-37.81237202, 144.96550671)"
160,2887788,11/1/2019,2019,November,1,Friday,20,22,Flinders St-Elizabeth St (East),"2,314",Flinders St-Elizabeth St (East),Eli274_T,8/12/2013,A,,South,North,-37.81786445,144.9650682,"(-37.81786445, 144.96506823)"
161,2887789,11/1/2019,2019,November,1,Friday,20,27,QV Market-Peel St,135,QV Market-Peel St,Vic_T,8/16/2013,A,,East,West,-37.80606888,144.9564469,"(-37.80606888, 144.95644693)"
162,2887790,11/1/2019,2019,November,1,Friday,20,28,The Arts Centre,594,The Arts Centre,VAC_T,8/23/2013,A,,South,North,-37.82129924,144.9687931,"(-37.82129924, 144.96879309)"
163,2887791,11/1/2019,2019,November,1,Friday,20,31,Lygon St (West),687,Lygon St (West),Lyg161_T,10/10/2013,A,,South,North,-37.8016968,144.9665891,"(-37.8016968, 144.96658911)"
164,2887792,11/1/2019,2019,November,1,Friday,20,30,Lonsdale St (South),"1,064",Lonsdale St (South),Lon189_T,10/14/2013,A,,East,West,-37.81121849,144.9665681,"(-37.81121849, 144.96656807)"
165,2887793,11/1/2019,2019,November,1,Friday,20,34,Flinders St-Spark La,118,Flinders St-Spark La,Fli32_T,6/8/2014,A,,East,West,-37.81537985,144.9741505,"(-37.81537985, 144.9741505)"
166,2887794,11/1/2019,2019,November,1,Friday,20,39,Alfred Place,158,Alfred Place,AlfPl_T,12/4/2019,A,In 4/12/2019 sensor upgraded,South,North,-37.81379749,144.9699575,"(-37.81379749, 144.96995745)"
167,2887795,11/1/2019,2019,November,1,Friday,20,37,Lygon St (East),325,Lygon St (East),Lyg260_T,2/11/2015,A,,North,South,-37.80310271,144.9667145,"(-37.80310271, 144.96671452)"
168,2887796,11/1/2019,2019,November,1,Friday,20,40,Lonsdale St-Spring St (West),245,Lonsdale St-Spring St (West),Spr201_T,1/19/2015,A,,South,North,-37.80999341,144.9722759,"(-37.80999341, 144.97227588)"
169,2887797,11/1/2019,2019,November,1,Friday,20,36,Queen St (West),367,Queen St (West),Que85_T,1/20/2015,A,,South,North,-37.81652527,144.9612106,"(-37.81652527, 144.96121063)"
170,2844936,9/29/2019,2019,September,29,Sunday,10,7,Birrarung Marr,418,Birrarung Marr,Fed_T,12/17/2014,A,,East,West,-37.81862929,144.971694,"(-37.81862929, 144.97169395)"
171,2887798,11/1/2019,2019,November,1,Friday,20,29,St Kilda Rd-Alexandra Gardens,299,St Kilda Rd-Alexandra Gardens,AG_T,10/11/2013,A,sensor upgraded from laser to 3D on 19/12/2019,North,South,-37.81965808,144.9686345,"(-37.81965808, 144.96863453)"
172,2887799,11/1/2019,2019,November,1,Friday,20,42,Grattan St-Swanston St (West),198,Grattan St-Swanston St (West),UM1_T,4/15/2015,A,,South,North,-37.80008565,144.9638641,"(-37.80008565, 144.96386412)"
173,2887800,11/1/2019,2019,November,1,Friday,20,43,Monash Rd-Swanston St (West),27,Monash Rd-Swanston St (West),UM2_T,4/15/2015,A,,South,North,-37.79844525,144.9641178,"(-37.79844525, 144.96411782)"
174,2887801,11/1/2019,2019,November,1,Friday,20,44,Tin Alley-Swanston St (West),42,Tin Alley-Swanston St (West),UM3_T,4/15/2015,A,,South,North,-37.79690473,144.9644038,"(-37.79690473, 144.96440378)"
175,2887802,11/1/2019,2019,November,1,Friday,20,35,Southbank,"1,695",Southbank,SouthB_T,4/15/2021,A,River side,East,West,-37.82017828,144.9650888,"(-37.82017828, 144.96508877)"
176,2887803,11/1/2019,2019,November,1,Friday,20,45,Little Collins St-Swanston St (East),"1,471",Little Collins St-Swanston St (East),Swa148_T,6/29/2017,A,,North,South,-37.81414074,144.9660938,"(-37.81414074, 144.9660938)"
177,2887804,11/1/2019,2019,November,1,Friday,20,46,Pelham St (S),132,Pelham St (South),Pel147_T,7/10/2017,A,,West,East,-37.80240719,144.9615673,"(-37.80240719, 144.96156731)"
178,2887805,11/1/2019,2019,November,1,Friday,20,47,Melbourne Central-Elizabeth St (East),"1,414",Melbourne Central-Elizabeth St (East),Eli250_T,8/24/2017,A,,South,North,-37.81160331,144.9622008,"(-37.81160331, 144.96220077)"
179,2887806,11/1/2019,2019,November,1,Friday,20,48,QVM-Queen St (East),186,QVM-Queen St (East),QVMQ_T,10/2/2017,A,,East,West,-37.80631581,144.958667,"(-37.80631581, 144.95866698)"
180,2887807,11/1/2019,2019,November,1,Friday,20,49,QVM-Therry St (South),100,QVM-Therry St (South),Eli501_T,11/29/2017,A,,West,East,-37.80730067,144.9595606,"(-37.80730067, 144.95956055)"
181,2887808,11/1/2019,2019,November,1,Friday,20,50,Faraday St-Lygon St (West),605,Faraday St-Lygon St (West),Lyg309_T,11/30/2017,A,,North,South,-37.79808191,144.9672101,"(-37.79808191, 144.96721014)"
182,2887809,11/1/2019,2019,November,1,Friday,20,51,QVM-Franklin St (North),151,QVM-Franklin St (North),Fra118_T,11/30/2017,A,,West,East,-37.80841814,144.9590632,"(-37.80841814, 144.95906317)"
183,2887810,11/1/2019,2019,November,1,Friday,20,52,Elizabeth St-Lonsdale St (South),693,Elizabeth St-Lonsdale St (South),Eli263_T,7/31/2017,A,,West,East,-37.81252157,144.9619401,"(-37.81252157, 144.9619401)"
184,2887811,11/1/2019,2019,November,1,Friday,20,54,Lincoln-Swanston(West),216,Lincoln-Swanston (West),Swa607_T,6/26/2018,A,,South,North,-37.804024,144.963084,"(-37.804024, 144.963084)"
185,2887812,11/1/2019,2019,November,1,Friday,20,55,Elizabeth St-La Trobe St (East),"1,673",Elizabeth St-La Trobe St (East),Eli380_T,7/19/2018,A,,North,South,-37.80988941,144.9613433,"(-37.80988941, 144.96134331)"
186,2887813,11/1/2019,2019,November,1,Friday,20,56,Lonsdale St - Elizabeth St (North),560,Lonsdale St - Elizabeth St (North),Lon364_T,7/25/2018,A,,East,West,-37.81234775,144.9615331,"(-37.81234775, 144.96153311)"
187,2887814,11/1/2019,2019,November,1,Friday,20,57,Bourke St Bridge,249,Bourke St Bridge,BouBri_T,8/13/2018,A,,West,East,-37.8176735,144.950256,"(-37.8176735, 144.95025595)"
188,2887815,11/1/2019,2019,November,1,Friday,20,58,Bourke St - Spencer St (North),662,Bourke St - Spencer St (North),Bou688_T,9/27/2018,A,,West,East,-37.81686074,144.9535808,"(-37.81686074, 144.95358075)"
189,2887816,11/1/2019,2019,November,1,Friday,20,59,Swanston St - RMIT Building 80,11,Building 80 RMIT,RMIT_T,2/13/2019,A,,North,South,-37.80825648,144.9630486,"(-37.80825648, 144.96304859)"
190,2887817,11/1/2019,2019,November,1,Friday,20,61,Swanston St - RMIT Building 14,741,RMIT Building 14,RMIT14_T,6/28/2019,A,,North,South,-37.80767455,144.9630912,"(-37.80767455, 144.96309115)"
191,2887818,11/1/2019,2019,November,1,Friday,20,62,La Trobe St (North),273,La Trobe St (North),Lat224_T,9/25/2019,A,,East,West,-37.80996494,144.9621652,"(-37.80996494, 144.96216521)"
192,2887819,11/1/2019,2019,November,1,Friday,21,4,Town Hall (West),"1,715",Town Hall (West),Swa123_T,3/23/2009,A,,South,North,-37.81487988,144.9660878,"(-37.81487988, 144.9660878)"
193,2887820,11/1/2019,2019,November,1,Friday,21,17,Collins Place (South),191,Collins Place (South),Col15_T,3/30/2009,A,Device is upgraded in 26/02/2020,East,West,-37.81362542,144.9732359,"(-37.81362542, 144.97323592)"
194,2887821,11/1/2019,2019,November,1,Friday,21,18,Collins Place (North),145,Collins Place (North),Col12_T,3/30/2009,A,,East,West,-37.81344861,144.9730535,"(-37.81344861, 144.97305354)"
195,2887822,11/1/2019,2019,November,1,Friday,21,53,Collins St (North),485,Collins Street (North),Col254_T,9/23/2015,A,,West,East,-37.8156419,144.965499,"(-37.8156419, 144.965499)"
196,2887823,11/1/2019,2019,November,1,Friday,21,2,Bourke Street Mall (South),588,Bourke Street Mall (South),Bou283_T,3/30/2009,A,,East,West,-37.81380667,144.9651672,"(-37.81380667, 144.96516719)"
197,2887824,11/1/2019,2019,November,1,Friday,21,1,Bourke Street Mall (North),"1,450",Bourke Street Mall (North),Bou292_T,3/24/2009,A,,West,East,-37.8134944,144.9651532,"(-37.8134944, 144.96515324)"
198,2887825,11/1/2019,2019,November,1,Friday,21,3,Melbourne Central,"2,662",Melbourne Central,Swa295_T,3/25/2009,A,,North,South,-37.81101523,144.9642949,"(-37.81101523, 144.96429485)"
199,2887826,11/1/2019,2019,November,1,Friday,21,15,State Library,"1,267",State Library,QV_T,3/25/2009,R,,South,North,-37.81064378,144.9644713,"(-37.81064378, 144.96447132)"
200,2887827,11/1/2019,2019,November,1,Friday,21,9,Southern Cross Station,167,Southern Cross Station,Col700_T,3/23/2009,A,,East,West,-37.81982992,144.9510256,"(-37.81982992, 144.95102556)"
201,2887828,11/1/2019,2019,November,1,Friday,21,10,Victoria Point,76,Victoria Point,BouHbr_T,4/23/2009,A,,West,East,-37.81876473,144.9471055,"(-37.81876473, 144.94710545)"
202,2887829,11/1/2019,2019,November,1,Friday,21,12,New Quay,462,New Quay,NewQ_T,1/21/2009,A,,West,East,-37.81457987,144.942924,"(-37.81457987, 144.94292398)"
203,2887830,11/1/2019,2019,November,1,Friday,21,11,Waterfront City,109,Waterfront City,WatCit_T,1/20/2009,A,,East,West,-37.81564989,144.939707,"(-37.81564989, 144.93970695)"
204,2887831,11/1/2019,2019,November,1,Friday,21,8,Webb Bridge,132,Webb Bridge,WebBN_T,3/24/2009,A,,North,South,-37.82293543,144.9471751,"(-37.82293543, 144.94717511)"
205,2887832,11/1/2019,2019,November,1,Friday,21,7,Birrarung Marr,239,Birrarung Marr,Fed_T,12/17/2014,A,,East,West,-37.81862929,144.971694,"(-37.81862929, 144.97169395)"
206,2887833,11/1/2019,2019,November,1,Friday,21,5,Princes Bridge,"2,739",Princes Bridge,PriNW_T,3/26/2009,A,,North,South,-37.81874249,144.9678766,"(-37.81874249, 144.96787656)"
207,2887834,11/1/2019,2019,November,1,Friday,21,6,Flinders Street Station Underpass,"2,006",Flinders Street Station Underpass,FliS_T,3/25/2009,A,Upgraded on 8/09/21,North,South,-37.81911704,144.9655826,"(-37.81911704, 144.96558256)"
208,2887835,11/1/2019,2019,November,1,Friday,21,14,Sandridge Bridge,13,Sandridge Bridge,SanBri_T,9/25/2019,A,,North,South,-37.82011242,144.962919,"(-37.82011242, 144.96291898)"
209,2887836,11/1/2019,2019,November,1,Friday,21,26,QV Market-Elizabeth St (West),537,QV Market-Elizabeth St (West),Eli483_T,9/28/2013,A,,South,North,-37.80869542,144.960494,"(-37.80869542, 144.96049404)"
210,2887837,11/1/2019,2019,November,1,Friday,21,24,Spencer St-Collins St (North),"1,054",Spencer St-Collins St (North),Col620_T,9/2/2013,A,,East,West,-37.81887962,144.954492,"(-37.81887962, 144.95449198)"
211,2887838,11/1/2019,2019,November,1,Friday,21,23,Spencer St-Collins St (South),229,Spencer St-Collins St (South),Col623_T,9/2/2013,A,,East,West,-37.81909256,144.9545275,"(-37.81909256, 144.95452749)"
212,2887839,11/1/2019,2019,November,1,Friday,21,25,Melbourne Convention Exhibition Centre,"1,322",Melbourne Convention Exhibition Centre,MCEC_T,10/2/2019,A,Sensor relocated from 14 to 25 on 2/10/2019,East,West,-37.82401776,144.9560443,"(-37.82401776, 144.95604426)"
213,2887840,11/1/2019,2019,November,1,Friday,21,21,Bourke St-Russell St (West),937,Bourke St-Russell St (West),Rus180_T,9/2/2013,A,,South,North,-37.81244703,144.9677876,"(-37.81244703, 144.96778757)"
214,2887841,11/1/2019,2019,November,1,Friday,21,20,Chinatown-Lt Bourke St (South),765,Chinatown-Lt Bourke St (South),LtB170_T,9/6/2013,A,,East,West,-37.81172913,144.9682466,"(-37.81172913, 144.9682466)"
215,2887842,11/1/2019,2019,November,1,Friday,21,19,Chinatown-Swanston St (North),"1,243",Chinatown-Swanston St (North),LtB210_T,9/2/2013,A,,East,West,-37.81237202,144.9655067,"(-37.81237202, 144.96550671)"
216,2887843,11/1/2019,2019,November,1,Friday,21,22,Flinders St-Elizabeth St (East),"2,266",Flinders St-Elizabeth St (East),Eli274_T,8/12/2013,A,,South,North,-37.81786445,144.9650682,"(-37.81786445, 144.96506823)"
217,2887844,11/1/2019,2019,November,1,Friday,21,27,QV Market-Peel St,146,QV Market-Peel St,Vic_T,8/16/2013,A,,East,West,-37.80606888,144.9564469,"(-37.80606888, 144.95644693)"
218,2887845,11/1/2019,2019,November,1,Friday,21,28,The Arts Centre,"1,205",The Arts Centre,VAC_T,8/23/2013,A,,South,North,-37.82129924,144.9687931,"(-37.82129924, 144.96879309)"
219,2887846,11/1/2019,2019,November,1,Friday,21,31,Lygon St (West),800,Lygon St (West),Lyg161_T,10/10/2013,A,,South,North,-37.8016968,144.9665891,"(-37.8016968, 144.96658911)"
220,2887847,11/1/2019,2019,November,1,Friday,21,30,Lonsdale St (South),"1,106",Lonsdale St (South),Lon189_T,10/14/2013,A,,East,West,-37.81121849,144.9665681,"(-37.81121849, 144.96656807)"
221,2887848,11/1/2019,2019,November,1,Friday,21,34,Flinders St-Spark La,131,Flinders St-Spark La,Fli32_T,6/8/2014,A,,East,West,-37.81537985,144.9741505,"(-37.81537985, 144.9741505)"
222,2887849,11/1/2019,2019,November,1,Friday,21,39,Alfred Place,114,Alfred Place,AlfPl_T,12/4/2019,A,In 4/12/2019 sensor upgraded,South,North,-37.81379749,144.9699575,"(-37.81379749, 144.96995745)"
223,2887850,11/1/2019,2019,November,1,Friday,21,37,Lygon St (East),366,Lygon St (East),Lyg260_T,2/11/2015,A,,North,South,-37.80310271,144.9667145,"(-37.80310271, 144.96671452)"
224,2887851,11/1/2019,2019,November,1,Friday,21,40,Lonsdale St-Spring St (West),215,Lonsdale St-Spring St (West),Spr201_T,1/19/2015,A,,South,North,-37.80999341,144.9722759,"(-37.80999341, 144.97227588)"
225,2887852,11/1/2019,2019,November,1,Friday,21,36,Queen St (West),297,Queen St (West),Que85_T,1/20/2015,A,,South,North,-37.81652527,144.9612106,"(-37.81652527, 144.96121063)"
226,2887853,11/1/2019,2019,November,1,Friday,21,29,St Kilda Rd-Alexandra Gardens,382,St Kilda Rd-Alexandra Gardens,AG_T,10/11/2013,A,sensor upgraded from laser to 3D on 19/12/2019,North,South,-37.81965808,144.9686345,"(-37.81965808, 144.96863453)"
227,2887854,11/1/2019,2019,November,1,Friday,21,42,Grattan St-Swanston St (West),157,Grattan St-Swanston St (West),UM1_T,4/15/2015,A,,South,North,-37.80008565,144.9638641,"(-37.80008565, 144.96386412)"
228,2887855,11/1/2019,2019,November,1,Friday,21,43,Monash Rd-Swanston St (West),13,Monash Rd-Swanston St (West),UM2_T,4/15/2015,A,,South,North,-37.79844525,144.9641178,"(-37.79844525, 144.96411782)"
229,2887856,11/1/2019,2019,November,1,Friday,21,44,Tin Alley-Swanston St (West),38,Tin Alley-Swanston St (West),UM3_T,4/15/2015,A,,South,North,-37.79690473,144.9644038,"(-37.79690473, 144.96440378)"
230,2887857,11/1/2019,2019,November,1,Friday,21,35,Southbank,"1,825",Southbank,SouthB_T,4/15/2021,A,River side,East,West,-37.82017828,144.9650888,"(-37.82017828, 144.96508877)"
231,2887858,11/1/2019,2019,November,1,Friday,21,45,Little Collins St-Swanston St (East),"1,562",Little Collins St-Swanston St (East),Swa148_T,6/29/2017,A,,North,South,-37.81414074,144.9660938,"(-37.81414074, 144.9660938)"
232,2887859,11/1/2019,2019,November,1,Friday,21,46,Pelham St (S),93,Pelham St (South),Pel147_T,7/10/2017,A,,West,East,-37.80240719,144.9615673,"(-37.80240719, 144.96156731)"
233,2887860,11/1/2019,2019,November,1,Friday,21,47,Melbourne Central-Elizabeth St (East),"1,213",Melbourne Central-Elizabeth St (East),Eli250_T,8/24/2017,A,,South,North,-37.81160331,144.9622008,"(-37.81160331, 144.96220077)"
234,2887861,11/1/2019,2019,November,1,Friday,21,48,QVM-Queen St (East),189,QVM-Queen St (East),QVMQ_T,10/2/2017,A,,East,West,-37.80631581,144.958667,"(-37.80631581, 144.95866698)"
235,2887862,11/1/2019,2019,November,1,Friday,21,49,QVM-Therry St (South),137,QVM-Therry St (South),Eli501_T,11/29/2017,A,,West,East,-37.80730067,144.9595606,"(-37.80730067, 144.95956055)"
236,2887863,11/1/2019,2019,November,1,Friday,21,50,Faraday St-Lygon St (West),555,Faraday St-Lygon St (West),Lyg309_T,11/30/2017,A,,North,South,-37.79808191,144.9672101,"(-37.79808191, 144.96721014)"
237,2887864,11/1/2019,2019,November,1,Friday,21,51,QVM-Franklin St (North),148,QVM-Franklin St (North),Fra118_T,11/30/2017,A,,West,East,-37.80841814,144.9590632,"(-37.80841814, 144.95906317)"
238,2887865,11/1/2019,2019,November,1,Friday,21,52,Elizabeth St-Lonsdale St (South),618,Elizabeth St-Lonsdale St (South),Eli263_T,7/31/2017,A,,West,East,-37.81252157,144.9619401,"(-37.81252157, 144.9619401)"
239,2887866,11/1/2019,2019,November,1,Friday,21,54,Lincoln-Swanston(West),211,Lincoln-Swanston (West),Swa607_T,6/26/2018,A,,South,North,-37.804024,144.963084,"(-37.804024, 144.963084)"
240,2887867,11/1/2019,2019,November,1,Friday,21,55,Elizabeth St-La Trobe St (East),"1,530",Elizabeth St-La Trobe St (East),Eli380_T,7/19/2018,A,,North,South,-37.80988941,144.9613433,"(-37.80988941, 144.96134331)"
241,2887868,11/1/2019,2019,November,1,Friday,21,56,Lonsdale St - Elizabeth St (North),405,Lonsdale St - Elizabeth St (North),Lon364_T,7/25/2018,A,,East,West,-37.81234775,144.9615331,"(-37.81234775, 144.96153311)"
242,2887869,11/1/2019,2019,November,1,Friday,21,57,Bourke St Bridge,161,Bourke St Bridge,BouBri_T,8/13/2018,A,,West,East,-37.8176735,144.950256,"(-37.8176735, 144.95025595)"
243,2887870,11/1/2019,2019,November,1,Friday,21,58,Bourke St - Spencer St (North),630,Bourke St - Spencer St (North),Bou688_T,9/27/2018,A,,West,East,-37.81686074,144.9535808,"(-37.81686074, 144.95358075)"
244,2887871,11/1/2019,2019,November,1,Friday,21,59,Swanston St - RMIT Building 80,7,Building 80 RMIT,RMIT_T,2/13/2019,A,,North,South,-37.80825648,144.9630486,"(-37.80825648, 144.96304859)"
245,2887872,11/1/2019,2019,November,1,Friday,21,61,Swanston St - RMIT Building 14,582,RMIT Building 14,RMIT14_T,6/28/2019,A,,North,South,-37.80767455,144.9630912,"(-37.80767455, 144.96309115)"
246,2887873,11/1/2019,2019,November,1,Friday,21,62,La Trobe St (North),260,La Trobe St (North),Lat224_T,9/25/2019,A,,East,West,-37.80996494,144.9621652,"(-37.80996494, 144.96216521)"
247,2887874,11/1/2019,2019,November,1,Friday,22,4,Town Hall (West),"1,438",Town Hall (West),Swa123_T,3/23/2009,A,,South,North,-37.81487988,144.9660878,"(-37.81487988, 144.9660878)"
248,2887875,11/1/2019,2019,November,1,Friday,22,17,Collins Place (South),197,Collins Place (South),Col15_T,3/30/2009,A,Device is upgraded in 26/02/2020,East,West,-37.81362542,144.9732359,"(-37.81362542, 144.97323592)"
249,2887876,11/1/2019,2019,November,1,Friday,22,18,Collins Place (North),153,Collins Place (North),Col12_T,3/30/2009,A,,East,West,-37.81344861,144.9730535,"(-37.81344861, 144.97305354)"
250,2887877,11/1/2019,2019,November,1,Friday,22,53,Collins St (North),374,Collins Street (North),Col254_T,9/23/2015,A,,West,East,-37.8156419,144.965499,"(-37.8156419, 144.965499)"
251,2887878,11/1/2019,2019,November,1,Friday,22,2,Bourke Street Mall (South),349,Bourke Street Mall (South),Bou283_T,3/30/2009,A,,East,West,-37.81380667,144.9651672,"(-37.81380667, 144.96516719)"
252,2887879,11/1/2019,2019,November,1,Friday,22,1,Bourke Street Mall (North),779,Bourke Street Mall (North),Bou292_T,3/24/2009,A,,West,East,-37.8134944,144.9651532,"(-37.8134944, 144.96515324)"
253,2887880,11/1/2019,2019,November,1,Friday,22,3,Melbourne Central,"1,960",Melbourne Central,Swa295_T,3/25/2009,A,,North,South,-37.81101523,144.9642949,"(-37.81101523, 144.96429485)"
254,2887881,11/1/2019,2019,November,1,Friday,22,15,State Library,909,State Library,QV_T,3/25/2009,R,,South,North,-37.81064378,144.9644713,"(-37.81064378, 144.96447132)"
255,2887882,11/1/2019,2019,November,1,Friday,22,9,Southern Cross Station,157,Southern Cross Station,Col700_T,3/23/2009,A,,East,West,-37.81982992,144.9510256,"(-37.81982992, 144.95102556)"
256,2887883,11/1/2019,2019,November,1,Friday,22,10,Victoria Point,76,Victoria Point,BouHbr_T,4/23/2009,A,,West,East,-37.81876473,144.9471055,"(-37.81876473, 144.94710545)"
257,2887884,11/1/2019,2019,November,1,Friday,22,12,New Quay,363,New Quay,NewQ_T,1/21/2009,A,,West,East,-37.81457987,144.942924,"(-37.81457987, 144.94292398)"
258,2887885,11/1/2019,2019,November,1,Friday,22,11,Waterfront City,82,Waterfront City,WatCit_T,1/20/2009,A,,East,West,-37.81564989,144.939707,"(-37.81564989, 144.93970695)"
259,2887886,11/1/2019,2019,November,1,Friday,22,8,Webb Bridge,79,Webb Bridge,WebBN_T,3/24/2009,A,,North,South,-37.82293543,144.9471751,"(-37.82293543, 144.94717511)"
260,2887887,11/1/2019,2019,November,1,Friday,22,7,Birrarung Marr,958,Birrarung Marr,Fed_T,12/17/2014,A,,East,West,-37.81862929,144.971694,"(-37.81862929, 144.97169395)"
261,2887888,11/1/2019,2019,November,1,Friday,22,5,Princes Bridge,"1,767",Princes Bridge,PriNW_T,3/26/2009,A,,North,South,-37.81874249,144.9678766,"(-37.81874249, 144.96787656)"
262,2887889,11/1/2019,2019,November,1,Friday,22,6,Flinders Street Station Underpass,"1,600",Flinders Street Station Underpass,FliS_T,3/25/2009,A,Upgraded on 8/09/21,North,South,-37.81911704,144.9655826,"(-37.81911704, 144.96558256)"
263,2887890,11/1/2019,2019,November,1,Friday,22,14,Sandridge Bridge,12,Sandridge Bridge,SanBri_T,9/25/2019,A,,North,South,-37.82011242,144.962919,"(-37.82011242, 144.96291898)"
264,2887891,11/1/2019,2019,November,1,Friday,22,26,QV Market-Elizabeth St (West),443,QV Market-Elizabeth St (West),Eli483_T,9/28/2013,A,,South,North,-37.80869542,144.960494,"(-37.80869542, 144.96049404)"
265,2887892,11/1/2019,2019,November,1,Friday,22,24,Spencer St-Collins St (North),849,Spencer St-Collins St (North),Col620_T,9/2/2013,A,,East,West,-37.81887962,144.954492,"(-37.81887962, 144.95449198)"
266,2887893,11/1/2019,2019,November,1,Friday,22,23,Spencer St-Collins St (South),178,Spencer St-Collins St (South),Col623_T,9/2/2013,A,,East,West,-37.81909256,144.9545275,"(-37.81909256, 144.95452749)"
267,2887894,11/1/2019,2019,November,1,Friday,22,25,Melbourne Convention Exhibition Centre,974,Melbourne Convention Exhibition Centre,MCEC_T,10/2/2019,A,Sensor relocated from 14 to 25 on 2/10/2019,East,West,-37.82401776,144.9560443,"(-37.82401776, 144.95604426)"
268,2887895,11/1/2019,2019,November,1,Friday,22,21,Bourke St-Russell St (West),856,Bourke St-Russell St (West),Rus180_T,9/2/2013,A,,South,North,-37.81244703,144.9677876,"(-37.81244703, 144.96778757)"
269,2887896,11/1/2019,2019,November,1,Friday,22,20,Chinatown-Lt Bourke St (South),727,Chinatown-Lt Bourke St (South),LtB170_T,9/6/2013,A,,East,West,-37.81172913,144.9682466,"(-37.81172913, 144.9682466)"
270,2887897,11/1/2019,2019,November,1,Friday,22,19,Chinatown-Swanston St (North),983,Chinatown-Swanston St (North),LtB210_T,9/2/2013,A,,East,West,-37.81237202,144.9655067,"(-37.81237202, 144.96550671)"
271,2887898,11/1/2019,2019,November,1,Friday,22,22,Flinders St-Elizabeth St (East),"1,833",Flinders St-Elizabeth St (East),Eli274_T,8/12/2013,A,,South,North,-37.81786445,144.9650682,"(-37.81786445, 144.96506823)"
272,2887899,11/1/2019,2019,November,1,Friday,22,27,QV Market-Peel St,132,QV Market-Peel St,Vic_T,8/16/2013,A,,East,West,-37.80606888,144.9564469,"(-37.80606888, 144.95644693)"
273,2887900,11/1/2019,2019,November,1,Friday,22,28,The Arts Centre,677,The Arts Centre,VAC_T,8/23/2013,A,,South,North,-37.82129924,144.9687931,"(-37.82129924, 144.96879309)"
274,2887901,11/1/2019,2019,November,1,Friday,22,31,Lygon St (West),696,Lygon St (West),Lyg161_T,10/10/2013,A,,South,North,-37.8016968,144.9665891,"(-37.8016968, 144.96658911)"
275,2887902,11/1/2019,2019,November,1,Friday,22,30,Lonsdale St (South),"1,024",Lonsdale St (South),Lon189_T,10/14/2013,A,,East,West,-37.81121849,144.9665681,"(-37.81121849, 144.96656807)"
276,2887903,11/1/2019,2019,November,1,Friday,22,34,Flinders St-Spark La,218,Flinders St-Spark La,Fli32_T,6/8/2014,A,,East,West,-37.81537985,144.9741505,"(-37.81537985, 144.9741505)"
277,2887904,11/1/2019,2019,November,1,Friday,22,39,Alfred Place,115,Alfred Place,AlfPl_T,12/4/2019,A,In 4/12/2019 sensor upgraded,South,North,-37.81379749,144.9699575,"(-37.81379749, 144.96995745)"
278,2887905,11/1/2019,2019,November,1,Friday,22,37,Lygon St (East),287,Lygon St (East),Lyg260_T,2/11/2015,A,,North,South,-37.80310271,144.9667145,"(-37.80310271, 144.96671452)"
279,2887906,11/1/2019,2019,November,1,Friday,22,40,Lonsdale St-Spring St (West),351,Lonsdale St-Spring St (West),Spr201_T,1/19/2015,A,,South,North,-37.80999341,144.9722759,"(-37.80999341, 144.97227588)"
280,2887907,11/1/2019,2019,November,1,Friday,22,36,Queen St (West),390,Queen St (West),Que85_T,1/20/2015,A,,South,North,-37.81652527,144.9612106,"(-37.81652527, 144.96121063)"
281,2887908,11/1/2019,2019,November,1,Friday,22,29,St Kilda Rd-Alexandra Gardens,367,St Kilda Rd-Alexandra Gardens,AG_T,10/11/2013,A,sensor upgraded from laser to 3D on 19/12/2019,North,South,-37.81965808,144.9686345,"(-37.81965808, 144.96863453)"
282,2887909,11/1/2019,2019,November,1,Friday,22,42,Grattan St-Swanston St (West),136,Grattan St-Swanston St (West),UM1_T,4/15/2015,A,,South,North,-37.80008565,144.9638641,"(-37.80008565, 144.96386412)"
283,2887910,11/1/2019,2019,November,1,Friday,22,43,Monash Rd-Swanston St (West),14,Monash Rd-Swanston St (West),UM2_T,4/15/2015,A,,South,North,-37.79844525,144.9641178,"(-37.79844525, 144.96411782)"
284,2887911,11/1/2019,2019,November,1,Friday,22,44,Tin Alley-Swanston St (West),25,Tin Alley-Swanston St (West),UM3_T,4/15/2015,A,,South,North,-37.79690473,144.9644038,"(-37.79690473, 144.96440378)"
285,2887912,11/1/2019,2019,November,1,Friday,22,35,Southbank,"1,503",Southbank,SouthB_T,4/15/2021,A,River side,East,West,-37.82017828,144.9650888,"(-37.82017828, 144.96508877)"
286,2887913,11/1/2019,2019,November,1,Friday,22,45,Little Collins St-Swanston St (East),"1,082",Little Collins St-Swanston St (East),Swa148_T,6/29/2017,A,,North,South,-37.81414074,144.9660938,"(-37.81414074, 144.9660938)"
287,2887914,11/1/2019,2019,November,1,Friday,22,46,Pelham St (S),66,Pelham St (South),Pel147_T,7/10/2017,A,,West,East,-37.80240719,144.9615673,"(-37.80240719, 144.96156731)"
288,2887915,11/1/2019,2019,November,1,Friday,22,47,Melbourne Central-Elizabeth St (East),753,Melbourne Central-Elizabeth St (East),Eli250_T,8/24/2017,A,,South,North,-37.81160331,144.9622008,"(-37.81160331, 144.96220077)"
289,2887916,11/1/2019,2019,November,1,Friday,22,48,QVM-Queen St (East),149,QVM-Queen St (East),QVMQ_T,10/2/2017,A,,East,West,-37.80631581,144.958667,"(-37.80631581, 144.95866698)"
290,2887917,11/1/2019,2019,November,1,Friday,22,49,QVM-Therry St (South),169,QVM-Therry St (South),Eli501_T,11/29/2017,A,,West,East,-37.80730067,144.9595606,"(-37.80730067, 144.95956055)"
291,2887918,11/1/2019,2019,November,1,Friday,22,50,Faraday St-Lygon St (West),423,Faraday St-Lygon St (West),Lyg309_T,11/30/2017,A,,North,South,-37.79808191,144.9672101,"(-37.79808191, 144.96721014)"
292,2887919,11/1/2019,2019,November,1,Friday,22,51,QVM-Franklin St (North),109,QVM-Franklin St (North),Fra118_T,11/30/2017,A,,West,East,-37.80841814,144.9590632,"(-37.80841814, 144.95906317)"
293,2887920,11/1/2019,2019,November,1,Friday,22,52,Elizabeth St-Lonsdale St (South),576,Elizabeth St-Lonsdale St (South),Eli263_T,7/31/2017,A,,West,East,-37.81252157,144.9619401,"(-37.81252157, 144.9619401)"
294,2887921,11/1/2019,2019,November,1,Friday,22,54,Lincoln-Swanston(West),132,Lincoln-Swanston (West),Swa607_T,6/26/2018,A,,South,North,-37.804024,144.963084,"(-37.804024, 144.963084)"
295,2887922,11/1/2019,2019,November,1,Friday,22,55,Elizabeth St-La Trobe St (East),"1,286",Elizabeth St-La Trobe St (East),Eli380_T,7/19/2018,A,,North,South,-37.80988941,144.9613433,"(-37.80988941, 144.96134331)"
296,2887923,11/1/2019,2019,November,1,Friday,22,56,Lonsdale St - Elizabeth St (North),309,Lonsdale St - Elizabeth St (North),Lon364_T,7/25/2018,A,,East,West,-37.81234775,144.9615331,"(-37.81234775, 144.96153311)"
297,2887924,11/1/2019,2019,November,1,Friday,22,57,Bourke St Bridge,128,Bourke St Bridge,BouBri_T,8/13/2018,A,,West,East,-37.8176735,144.950256,"(-37.8176735, 144.95025595)"
298,2887925,11/1/2019,2019,November,1,Friday,22,58,Bourke St - Spencer St (North),573,Bourke St - Spencer St (North),Bou688_T,9/27/2018,A,,West,East,-37.81686074,144.9535808,"(-37.81686074, 144.95358075)"
299,2887926,11/1/2019,2019,November,1,Friday,22,59,Swanston St - RMIT Building 80,10,Building 80 RMIT,RMIT_T,2/13/2019,A,,North,South,-37.80825648,144.9630486,"(-37.80825648, 144.96304859)"
300,2887927,11/1/2019,2019,November,1,Friday,22,61,Swanston St - RMIT Building 14,494,RMIT Building 14,RMIT14_T,6/28/2019,A,,North,South,-37.80767455,144.9630912,"(-37.80767455, 144.96309115)"
301,2887928,11/1/2019,2019,November,1,Friday,22,62,La Trobe St (North),235,La Trobe St (North),Lat224_T,9/25/2019,A,,East,West,-37.80996494,144.9621652,"(-37.80996494, 144.96216521)"
302,2887929,11/1/2019,2019,November,1,Friday,23,4,Town Hall (West),"1,064",Town Hall (West),Swa123_T,3/23/2009,A,,South,North,-37.81487988,144.9660878,"(-37.81487988, 144.9660878)"
303,2887930,11/1/2019,2019,November,1,Friday,23,17,Collins Place (South),144,Collins Place (South),Col15_T,3/30/2009,A,Device is upgraded in 26/02/2020,East,West,-37.81362542,144.9732359,"(-37.81362542, 144.97323592)"
304,2887931,11/1/2019,2019,November,1,Friday,23,18,Collins Place (North),83,Collins Place (North),Col12_T,3/30/2009,A,,East,West,-37.81344861,144.9730535,"(-37.81344861, 144.97305354)"
305,2887932,11/1/2019,2019,November,1,Friday,23,53,Collins St (North),239,Collins Street (North),Col254_T,9/23/2015,A,,West,East,-37.8156419,144.965499,"(-37.8156419, 144.965499)"
306,2887933,11/1/2019,2019,November,1,Friday,23,2,Bourke Street Mall (South),238,Bourke Street Mall (South),Bou283_T,3/30/2009,A,,East,West,-37.81380667,144.9651672,"(-37.81380667, 144.96516719)"
307,2887934,11/1/2019,2019,November,1,Friday,23,1,Bourke Street Mall (North),391,Bourke Street Mall (North),Bou292_T,3/24/2009,A,,West,East,-37.8134944,144.9651532,"(-37.8134944, 144.96515324)"
308,2887935,11/1/2019,2019,November,1,Friday,23,3,Melbourne Central,"1,537",Melbourne Central,Swa295_T,3/25/2009,A,,North,South,-37.81101523,144.9642949,"(-37.81101523, 144.96429485)"
309,2887936,11/1/2019,2019,November,1,Friday,23,15,State Library,550,State Library,QV_T,3/25/2009,R,,South,North,-37.81064378,144.9644713,"(-37.81064378, 144.96447132)"
310,2887937,11/1/2019,2019,November,1,Friday,23,9,Southern Cross Station,94,Southern Cross Station,Col700_T,3/23/2009,A,,East,West,-37.81982992,144.9510256,"(-37.81982992, 144.95102556)"
311,2887938,11/1/2019,2019,November,1,Friday,23,10,Victoria Point,44,Victoria Point,BouHbr_T,4/23/2009,A,,West,East,-37.81876473,144.9471055,"(-37.81876473, 144.94710545)"
312,2887939,11/1/2019,2019,November,1,Friday,23,12,New Quay,234,New Quay,NewQ_T,1/21/2009,A,,West,East,-37.81457987,144.942924,"(-37.81457987, 144.94292398)"
313,2887940,11/1/2019,2019,November,1,Friday,23,11,Waterfront City,57,Waterfront City,WatCit_T,1/20/2009,A,,East,West,-37.81564989,144.939707,"(-37.81564989, 144.93970695)"
314,2887941,11/1/2019,2019,November,1,Friday,23,8,Webb Bridge,85,Webb Bridge,WebBN_T,3/24/2009,A,,North,South,-37.82293543,144.9471751,"(-37.82293543, 144.94717511)"
315,2887942,11/1/2019,2019,November,1,Friday,23,7,Birrarung Marr,823,Birrarung Marr,Fed_T,12/17/2014,A,,East,West,-37.81862929,144.971694,"(-37.81862929, 144.97169395)"
316,2887943,11/1/2019,2019,November,1,Friday,23,5,Princes Bridge,"1,306",Princes Bridge,PriNW_T,3/26/2009,A,,North,South,-37.81874249,144.9678766,"(-37.81874249, 144.96787656)"
317,2887944,11/1/2019,2019,November,1,Friday,23,6,Flinders Street Station Underpass,"1,263",Flinders Street Station Underpass,FliS_T,3/25/2009,A,Upgraded on 8/09/21,North,South,-37.81911704,144.9655826,"(-37.81911704, 144.96558256)"
318,2887945,11/1/2019,2019,November,1,Friday,23,14,Sandridge Bridge,14,Sandridge Bridge,SanBri_T,9/25/2019,A,,North,South,-37.82011242,144.962919,"(-37.82011242, 144.96291898)"
319,2887946,11/1/2019,2019,November,1,Friday,23,26,QV Market-Elizabeth St (West),316,QV Market-Elizabeth St (West),Eli483_T,9/28/2013,A,,South,North,-37.80869542,144.960494,"(-37.80869542, 144.96049404)"
320,2887947,11/1/2019,2019,November,1,Friday,23,24,Spencer St-Collins St (North),672,Spencer St-Collins St (North),Col620_T,9/2/2013,A,,East,West,-37.81887962,144.954492,"(-37.81887962, 144.95449198)"
321,2887948,11/1/2019,2019,November,1,Friday,23,23,Spencer St-Collins St (South),151,Spencer St-Collins St (South),Col623_T,9/2/2013,A,,East,West,-37.81909256,144.9545275,"(-37.81909256, 144.95452749)"
322,2887949,11/1/2019,2019,November,1,Friday,23,25,Melbourne Convention Exhibition Centre,696,Melbourne Convention Exhibition Centre,MCEC_T,10/2/2019,A,Sensor relocated from 14 to 25 on 2/10/2019,East,West,-37.82401776,144.9560443,"(-37.82401776, 144.95604426)"
323,2887950,11/1/2019,2019,November,1,Friday,23,21,Bourke St-Russell St (West),667,Bourke St-Russell St (West),Rus180_T,9/2/2013,A,,South,North,-37.81244703,144.9677876,"(-37.81244703, 144.96778757)"
324,2887951,11/1/2019,2019,November,1,Friday,23,20,Chinatown-Lt Bourke St (South),473,Chinatown-Lt Bourke St (South),LtB170_T,9/6/2013,A,,East,West,-37.81172913,144.9682466,"(-37.81172913, 144.9682466)"
325,2887952,11/1/2019,2019,November,1,Friday,23,19,Chinatown-Swanston St (North),700,Chinatown-Swanston St (North),LtB210_T,9/2/2013,A,,East,West,-37.81237202,144.9655067,"(-37.81237202, 144.96550671)"
326,2887953,11/1/2019,2019,November,1,Friday,23,22,Flinders St-Elizabeth St (East),"1,515",Flinders St-Elizabeth St (East),Eli274_T,8/12/2013,A,,South,North,-37.81786445,144.9650682,"(-37.81786445, 144.96506823)"
327,2887954,11/1/2019,2019,November,1,Friday,23,27,QV Market-Peel St,82,QV Market-Peel St,Vic_T,8/16/2013,A,,East,West,-37.80606888,144.9564469,"(-37.80606888, 144.95644693)"
328,2887955,11/1/2019,2019,November,1,Friday,23,28,The Arts Centre,353,The Arts Centre,VAC_T,8/23/2013,A,,South,North,-37.82129924,144.9687931,"(-37.82129924, 144.96879309)"
329,2887956,11/1/2019,2019,November,1,Friday,23,31,Lygon St (West),541,Lygon St (West),Lyg161_T,10/10/2013,A,,South,North,-37.8016968,144.9665891,"(-37.8016968, 144.96658911)"
330,2887957,11/1/2019,2019,November,1,Friday,23,30,Lonsdale St (South),732,Lonsdale St (South),Lon189_T,10/14/2013,A,,East,West,-37.81121849,144.9665681,"(-37.81121849, 144.96656807)"
331,2887958,11/1/2019,2019,November,1,Friday,23,34,Flinders St-Spark La,154,Flinders St-Spark La,Fli32_T,6/8/2014,A,,East,West,-37.81537985,144.9741505,"(-37.81537985, 144.9741505)"
332,2887959,11/1/2019,2019,November,1,Friday,23,39,Alfred Place,55,Alfred Place,AlfPl_T,12/4/2019,A,In 4/12/2019 sensor upgraded,South,North,-37.81379749,144.9699575,"(-37.81379749, 144.96995745)"
333,2887960,11/1/2019,2019,November,1,Friday,23,37,Lygon St (East),139,Lygon St (East),Lyg260_T,2/11/2015,A,,North,South,-37.80310271,144.9667145,"(-37.80310271, 144.96671452)"
334,2887961,11/1/2019,2019,November,1,Friday,23,40,Lonsdale St-Spring St (West),137,Lonsdale St-Spring St (West),Spr201_T,1/19/2015,A,,South,North,-37.80999341,144.9722759,"(-37.80999341, 144.97227588)"
335,2887962,11/1/2019,2019,November,1,Friday,23,36,Queen St (West),365,Queen St (West),Que85_T,1/20/2015,A,,South,North,-37.81652527,144.9612106,"(-37.81652527, 144.96121063)"
336,2887963,11/1/2019,2019,November,1,Friday,23,29,St Kilda Rd-Alexandra Gardens,394,St Kilda Rd-Alexandra Gardens,AG_T,10/11/2013,A,sensor upgraded from laser to 3D on 19/12/2019,North,South,-37.81965808,144.9686345,"(-37.81965808, 144.96863453)"
337,2887964,11/1/2019,2019,November,1,Friday,23,42,Grattan St-Swanston St (West),103,Grattan St-Swanston St (West),UM1_T,4/15/2015,A,,South,North,-37.80008565,144.9638641,"(-37.80008565, 144.96386412)"
338,2887965,11/1/2019,2019,November,1,Friday,23,43,Monash Rd-Swanston St (West),21,Monash Rd-Swanston St (West),UM2_T,4/15/2015,A,,South,North,-37.79844525,144.9641178,"(-37.79844525, 144.96411782)"
339,2887966,11/1/2019,2019,November,1,Friday,23,44,Tin Alley-Swanston St (West),27,Tin Alley-Swanston St (West),UM3_T,4/15/2015,A,,South,North,-37.79690473,144.9644038,"(-37.79690473, 144.96440378)"
340,2887967,11/1/2019,2019,November,1,Friday,23,35,Southbank,960,Southbank,SouthB_T,4/15/2021,A,River side,East,West,-37.82017828,144.9650888,"(-37.82017828, 144.96508877)"
341,2887968,11/1/2019,2019,November,1,Friday,23,45,Little Collins St-Swanston St (East),748,Little Collins St-Swanston St (East),Swa148_T,6/29/2017,A,,North,South,-37.81414074,144.9660938,"(-37.81414074, 144.9660938)"
342,2887969,11/1/2019,2019,November,1,Friday,23,46,Pelham St (S),50,Pelham St (South),Pel147_T,7/10/2017,A,,West,East,-37.80240719,144.9615673,"(-37.80240719, 144.96156731)"
343,2887970,11/1/2019,2019,November,1,Friday,23,47,Melbourne Central-Elizabeth St (East),615,Melbourne Central-Elizabeth St (East),Eli250_T,8/24/2017,A,,South,North,-37.81160331,144.9622008,"(-37.81160331, 144.96220077)"
344,2887971,11/1/2019,2019,November,1,Friday,23,48,QVM-Queen St (East),105,QVM-Queen St (East),QVMQ_T,10/2/2017,A,,East,West,-37.80631581,144.958667,"(-37.80631581, 144.95866698)"
345,2887972,11/1/2019,2019,November,1,Friday,23,49,QVM-Therry St (South),110,QVM-Therry St (South),Eli501_T,11/29/2017,A,,West,East,-37.80730067,144.9595606,"(-37.80730067, 144.95956055)"
346,2887973,11/1/2019,2019,November,1,Friday,23,50,Faraday St-Lygon St (West),139,Faraday St-Lygon St (West),Lyg309_T,11/30/2017,A,,North,South,-37.79808191,144.9672101,"(-37.79808191, 144.96721014)"
347,2887974,11/1/2019,2019,November,1,Friday,23,51,QVM-Franklin St (North),78,QVM-Franklin St (North),Fra118_T,11/30/2017,A,,West,East,-37.80841814,144.9590632,"(-37.80841814, 144.95906317)"
348,2887975,11/1/2019,2019,November,1,Friday,23,52,Elizabeth St-Lonsdale St (South),416,Elizabeth St-Lonsdale St (South),Eli263_T,7/31/2017,A,,West,East,-37.81252157,144.9619401,"(-37.81252157, 144.9619401)"
349,2887976,11/1/2019,2019,November,1,Friday,23,54,Lincoln-Swanston(West),98,Lincoln-Swanston (West),Swa607_T,6/26/2018,A,,South,North,-37.804024,144.963084,"(-37.804024, 144.963084)"
350,2887977,11/1/2019,2019,November,1,Friday,23,55,Elizabeth St-La Trobe St (East),"1,005",Elizabeth St-La Trobe St (East),Eli380_T,7/19/2018,A,,North,South,-37.80988941,144.9613433,"(-37.80988941, 144.96134331)"
351,2887978,11/1/2019,2019,November,1,Friday,23,56,Lonsdale St - Elizabeth St (North),245,Lonsdale St - Elizabeth St (North),Lon364_T,7/25/2018,A,,East,West,-37.81234775,144.9615331,"(-37.81234775, 144.96153311)"
352,2887979,11/1/2019,2019,November,1,Friday,23,57,Bourke St Bridge,119,Bourke St Bridge,BouBri_T,8/13/2018,A,,West,East,-37.8176735,144.950256,"(-37.8176735, 144.95025595)"
353,2887980,11/1/2019,2019,November,1,Friday,23,58,Bourke St - Spencer St (North),373,Bourke St - Spencer St (North),Bou688_T,9/27/2018,A,,West,East,-37.81686074,144.9535808,"(-37.81686074, 144.95358075)"
354,2887981,11/1/2019,2019,November,1,Friday,23,59,Swanston St - RMIT Building 80,6,Building 80 RMIT,RMIT_T,2/13/2019,A,,North,South,-37.80825648,144.9630486,"(-37.80825648, 144.96304859)"
355,2887982,11/1/2019,2019,November,1,Friday,23,61,Swanston St - RMIT Building 14,320,RMIT Building 14,RMIT14_T,6/28/2019,A,,North,South,-37.80767455,144.9630912,"(-37.80767455, 144.96309115)"
356,2887983,11/1/2019,2019,November,1,Friday,23,62,La Trobe St (North),176,La Trobe St (North),Lat224_T,9/25/2019,A,,East,West,-37.80996494,144.9621652,"(-37.80996494, 144.96216521)"
